,,"Note 1: RHBN-N = 1, RHBN-U = 0","Note 2: Q=flow gauge, H=level gauge","Note 3: Yield is the annual average depth of water, in mm, that exits the watershed via the streamgauge location. Also called 'runoff depth'.","Note 4: Official names for the Commission for Environmental Cooperation Terrestrial Ecoregions Level I. Common names are as follows: Northwestern Forested Mountains = Rockies, Northern Forests = Boreal, Great Plains = Prairies.","Note 5: Whether the station met the minimum of 20 years with C = continuous, or full year, data, or with S = seasonal data.",Note 6: Years with less than 5% missing daily data.,Note 6: Years with less than 5% missing daily data.,Note 7: Overal watershed quality where 1 is the most desirable.,Note 8: Percent of the watershed covered by either urban or agricultural land.,,Note 9: Road density as km of roads for each km^2 of watershed.,"Note 10: Canadian population density. ""US"" denotes stations that have watershed areas outside of Canada.",Note 11: Flow structures include small dams/berms/farm ponds in Canada and the US.,Note 12: Percentage of watershed covered by reservoir area associated with Flow.Structures.,Note 13: Presence and name of dam within the Global Reservoir and Dam database (GRanD).
,,"Note 1: RBHR-N = 1, RBHR-D = 0","Note 2: Q=débits, H=niveau d'eau",Note 3: Apport en eau = débit annuel moyen exprimé en profondeur d’eau sur le bassin versant,"Note 4:  Noms officiels en anglais de la ""Commission for Environmental Cooperation Terrestrial Ecoregions Level I"". Les noms communs sont comme suit: Northwestern Forested Mountains = les Rocheuses, Northern Forests = Boréale, Great Plains = Prairies.","Note 5: Si la station a répondu au minimum de 20 ans de donnée avec C = uniquement les années complètes, ou, S = en incluant les années saisonnières.","Note 6: Années qui répondent au mesure d'exhaustivité, soit moins que 5% des données quotidiennes manquantes.","Note 6: Années qui répondent au mesure d'exhaustivité, soit moins que 5% des données quotidiennes manquantes.","Note 7: Qualité du bassin versant globale ou ""1"" est le plus désirable.",Note 8: Pourcentage du bassin versant recouvert par les terres agricoles ou urbaines.,,Note 9: Densité de route utilise l'unité km de route par km^2 de bassin versant.,"Note 10: Densité de population canadienne. Les stations avec une grande partie de leur bassin versant dans les États-Unis sont désignées ""US"".",Note 11: Petits structures incluent les petits barrages/bermes/étangs de ferme dans le Canada et les États-Unis.,Note 12: Pourcentage du bassin versant recouvert par les plan d'eau associés aux Petits.Structures.,Note 13: Présence et nom du barrage dans la base de données Global Reservoir and Dam database (GRanD).
STATION_NUMBER,Evaluation_Year,RHBN-N,DATA_TYPE,Yield,Ecoregion,Data.Quality,Years.C,Years.S,Watershed.Quality,Percent_Human.Impact,Percent.Urban,Road.Density,Pop.Density,Flow.Structures,Reservoir.Pct,GRanD
Numéro de la station,Année_dÉvaluation,RBHR-N,TYPE_DE_DONNÉE,Apport.en.eau,Écorégion,Qualité.des. Données,Années.C,Années.S,Qualité.bassins.versants,Pourcentage_Impact.Humain,Pourcentage.Urbaine,Densité.routes,Densité.population,Petits.Structures,Pourcentage.réservoir,GRanD
01AD002,2020,1,Q,600,Northern Forests,C,88,,2,0.34,0.032,0.14,71,72,0.17,Lock Dam
01AD003,2020,1,Q,590,Northern Forests,C,65,,2,0.027,0,0,71,18,0.68,
01AE001,2020,0,Q,620,Eastern Temperate Forests,C,34,,1,1.9,0.036,0,71,1,0,
01AF007,2020,0,Q,710,Eastern Temperate Forests,C,40,,1,0.07,0,0.24,2,0,0,
01AF009,2020,0,Q,680,Eastern Temperate Forests,C,26,,1,0,0,0.4,23,1,0.015,
01AJ003,2020,0,Q,680,Eastern Temperate Forests,C,49,,2,7.2,0.45,0,71,6,0.45,
01AJ004,2020,1,Q,650,Eastern Temperate Forests,C,49,,4,26,0,0,71,8,0.11,
01AJ010,2020,1,Q,710,Eastern Temperate Forests,C,43,1,1,0.14,0,0.31,23,1,0.001,
01AK001,2020,1,Q,680,Eastern Temperate Forests,C,95,,1,0,0,0.14,2,0,0,
01AK006,2020,0,Q,590,Eastern Temperate Forests,C,50,,2,0,0,1.2,70,0,0,
01AK007,2020,0,Q,640,Eastern Temperate Forests,C,49,,1,0,0,0.31,42,0,0,
01AL002,2020,0,Q,790,Eastern Temperate Forests,C,55,,1,0,0,0.28,23,3,0,
01AL004,2020,1,Q,790,Eastern Temperate Forests,C,45,,1,0,0,0,1,0,0,
01AM001,2020,0,Q,700,Eastern Temperate Forests,C,54,,1,0,0,0.27,35,0,0,
01AN002,2020,0,Q,670,Eastern Temperate Forests,C,43,,1,0,0,0.12,1,1,0,
01AP002,2020,1,Q,640,Eastern Temperate Forests,C,69,,1,0.037,0,0.31,23,3,0.009,
01AP004,2020,1,Q,740,Eastern Temperate Forests,C,55,1,1,2.4,0.22,0.82,6,6,0.032,
01AP006,2020,0,Q,780,Eastern Temperate Forests,C,26,,1,0,0,0.68,1,0,0,
01AQ001,2020,1,Q,1000,Eastern Temperate Forests,C,98,2,1,0,0,0.19,1,0,0,
01BC001,2020,1,Q,680,Northern Forests,C,54,,1,1.2,0,0.19,2,7,0.004,
01BD008,2020,0,Q,610,Northern Forests,C,23,1,1,1.2,0,0.59,62,1,0,
01BE001,2020,1,Q,580,Eastern Temperate Forests,C,87,,1,0,0,0.1,1,3,0.01,
01BG005,2020,0,Q,800,Northern Forests,C,32,1,1,0,0,0.13,1,1,0.017,
01BG008,2020,0,Q,710,Northern Forests,S,19,1,1,0,0,0.14,,0,0,
01BG009,2020,0,Q,670,Northern Forests,C,29,1,1,0,0,0.065,1,0,0,
01BH005,2020,1,Q,740,Northern Forests,C,34,1,1,0,0,0.13,1,0,0,
01BH010,2020,0,Q,610,Northern Forests,C,23,1,2,0.16,0.16,0.18,2,10,0.31,
01BJ003,2020,1,Q,680,Eastern Temperate Forests,C,52,,1,0,0,0.08,1,0,0,
01BJ007,2020,0,Q,660,Eastern Temperate Forests,C,48,,1,0.47,0.0092,0.15,2,12,0.009,
01BJ010,2020,0,Q,650,Eastern Temperate Forests,C,35,,1,0,0,0.24,35,1,0.004,
01BJ012,2020,0,Q,680,Eastern Temperate Forests,C,33,,1,0,0,0.4,13,0,0,
01BL002,2020,1,Q,660,Eastern Temperate Forests,C,47,,1,0,0,0.27,50,0,0,
01BL003,2020,0,Q,710,Eastern Temperate Forests,C,46,,1,0,0,0.23,35,3,0.007,
01BO001,2020,1,Q,730,Eastern Temperate Forests,C,69,2,1,0.016,0,0.15,2,6,0,
01BP001,2020,1,Q,790,Eastern Temperate Forests,C,65,1,1,0,0,0.15,1,0,0,
01BP002,2020,0,Q,840,Eastern Temperate Forests,C,27,,1,0,0,0.14,1,0,0,
01BQ001,2020,1,Q,710,Eastern Temperate Forests,C,55,,2,0,0,0.16,1,7,0.24,
01BS001,2020,1,Q,660,Eastern Temperate Forests,C,52,,1,0,0,0.33,23,0,0,
01BU002,2020,1,Q,620,Eastern Temperate Forests,C,55,,1,0.11,0.071,0.78,3,4,0.004,
01BU009,2020,0,Q,630,Eastern Temperate Forests,C,21,,1,0,0,0,23,0,0,
01BV004,2020,0,Q,1100,Eastern Temperate Forests,C,27,1,1,0,0,0.86,37,0,0,
01BV006,2020,1,Q,1200,Eastern Temperate Forests,C,52,1,2,0,0,0.16,1,2,0.35,
01CA003,2020,1,Q,630,Eastern Temperate Forests,C,55,,3,29,0,0.72,57,0,0,
01CC005,2020,1,Q,820,Eastern Temperate Forests,C,28,,2,9.8,0,1,8,2,0.02,
01CD005,2020,0,Q,700,Eastern Temperate Forests,C,22,,1,2.1,0,0.3,50,0,0,
01DG003,2020,1,Q,990,Northern Forests,C,94,,2,0.14,0.14,1.5,61,0,0,
01DJ005,2020,0,Q,1100,Northern Forests,C,23,,2,0,0,1,35,0,0,
01DL001,2020,1,Q,880,Northern Forests,C,45,,1,0,0,0.88,1,0,0,
01DP004,2020,1,Q,900,Northern Forests,C,49,1,2,0,0,1.2,35,0,0,
01DR001,2020,0,Q,910,Northern Forests,C,65,1,2,0,0,0.94,42,2,0.59,
01EC001,2020,1,Q,1000,Northern Forests,C,99,2,1,0,0,0.29,1,1,0.001,
01ED005,2020,1,Q,930,Northern Forests,C,43,1,2,0,0,0.49,1,1,0.43,
01ED007,2020,1,Q,940,Northern Forests,C,48,1,1,0,0,0.85,1,0,0,
01EE005,2020,1,Q,1000,Northern Forests,C,35,,1,0,0,0.83,1,0,0,
01EF001,2020,1,Q,880,Northern Forests,C,101,,1,0.029,0.029,0.92,42,0,0,
01EO001,2020,1,Q,1000,Northern Forests,C,101,,2,0,0,0.83,2,1,0.15,
01FA001,2020,1,Q,1200,Northern Forests,C,51,,1,0.036,0.036,0.83,2,0,0,
01FB001,2020,1,Q,1500,Northern Forests,C,97,3,1,0,0,0.62,2,0,0,
01FB003,2020,1,Q,1100,Northern Forests,C,98,,1,0,0,0.57,2,0,0,
01FJ002,2020,1,Q,1200,Northern Forests,C,38,1,1,0,0,0.36,23,0,0,
02AB008,2020,1,Q,240,Northern Forests,C,63,,2,1.7,1.6,1.1,45,1,0.014,
02AB014,2020,0,Q,380,Northern Forests,C,36,1,1,0,0,0.49,23,0,0,
02AB017,2020,0,Q,290,Northern Forests,C,37,,1,0,0,0.73,2,0,0,
02AB021,2020,0,Q,320,Northern Forests,C,26,,1,0,0,0.14,1,0,0,
02AC001,2020,0,Q,300,Northern Forests,C,40,2,1,0,0,0.63,1,0,0,
02AC002,2020,0,Q,300,Northern Forests,C,43,2,1,0,0,0.27,1,2,0,
02AD010,2020,0,Q,350,Northern Forests,C,44,,2,0.27,0.27,0.19,1,1,0.23,
02AE001,2020,0,Q,410,Northern Forests,C,30,1,1,0,0,0.11,1,0,0,
02BA003,2020,0,Q,370,Northern Forests,C,44,1,1,0,0,0.083,1,0,0,
02BA005,2020,1,Q,520,Northern Forests,C,27,1,1,0,0,0.001,1,0,0,
02BB003,2020,0,Q,380,Northern Forests,C,46,1,1,0,0,0.065,1,3,0.023,
02BF001,2020,0,Q,560,Northern Forests,C,49,,1,0,0,0.57,1,0,0,
02BF002,2020,1,Q,500,Northern Forests,C,49,,1,0,0,0.43,1,0,0,
02BF004,2020,0,Q,500,Northern Forests,C,37,,1,0,0,0.62,18,0,0,
02BF005,2020,0,Q,810,Northern Forests,C,36,1,1,0,0,0.88,1,0,0,
02BF006,2020,0,Q,770,Northern Forests,C,37,,1,0,0,0.71,1,0,0,
02BF007,2020,0,Q,800,Northern Forests,C,35,1,1,0,0,0.86,1,0,0,
02BF008,2020,0,Q,680,Northern Forests,C,36,1,1,0,0,0.87,1,0,0,
02BF009,2020,0,Q,770,Northern Forests,C,35,1,1,0,0,0.69,1,0,0,
02BF012,2020,0,Q,770,Northern Forests,C,33,,1,0,0,0.56,1,0,0,
02BF013,2020,0,Q,750,Northern Forests,C,26,,1,0,0,0,1,0,0,
02CA002,2020,1,Q,560,Northern Forests,C,44,1,1,0.8,0.8,0.78,18,0,0,
02CB003,2020,0,Q,370,Northern Forests,C,36,,1,0,0,0.26,1,1,0,
02CF007,2020,0,Q,340,Northern Forests,C,56,,2,1.5,1,1,69,0,0,
02CF008,2020,1,Q,310,Northern Forests,C,40,1,2,1.1,1.1,1.1,4,0,0,
02CF011,2020,0,Q,420,Northern Forests,C,28,4,1,0.22,0.22,0.22,57,1,0,
02CG003,2020,1,Q,1600,Eastern Temperate Forests,C,23,1,1,0,0,0.68,42,0,0,
02DB007,2020,0,Q,540,Northern Forests,C,36,1,2,1.7,1.7,1.2,59,0,0,
02DC012,2020,0,Q,500,Northern Forests,C,31,,1,0,0,0.18,1,0,0,
02DD012,2020,0,Q,400,Northern Forests,C,27,2,2,0.077,0,0.56,42,1,0.55,
02DD013,2020,1,Q,420,Northern Forests,C,40,2,2,2.5,2.5,1,29,0,0,
02DD015,2020,0,Q,530,Northern Forests,C,42,,1,0,0,0.4,2,0,0,
02EA005,2020,1,Q,550,Northern Forests,C,101,,1,0,0,0.72,23,0,0,
02EA010,2020,0,Q,570,Northern Forests,C,48,,1,0,0,0.65,2,0,0,
02EB014,2020,0,Q,550,Northern Forests,C,35,,2,0.15,0.15,0.43,1,3,2,
02EC002,2020,1,Q,470,Northern Forests,C,101,1,2,0.48,0,0.38,23,6,0.57,
02EC010,2020,1,Q,220,Eastern Temperate Forests,C,43,3,4,40,0,1.3,65,3,0.081,
02EC011,2020,0,Q,320,Eastern Temperate Forests,C,36,1,4,53,0,1.1,32,3,0.002,
02EC018,2020,0,Q,280,Eastern Temperate Forests,C,29,1,4,30,0.48,1.2,56,4,0.001,
02ED003,2020,0,Q,250,Eastern Temperate Forests,C,67,2,4,53,0.6,1.3,53,14,0.18,
02ED007,2020,1,Q,430,Eastern Temperate Forests,C,51,,2,5.8,0,1.4,39,0,0,
02ED013,2020,0,Q,370,Eastern Temperate Forests,C,30,,4,52,0.11,1.3,41,0,0,
02ED014,2020,0,Q,360,Eastern Temperate Forests,C,42,4,4,35,0,1.2,13,0,0,
02ED015,2020,0,Q,470,Eastern Temperate Forests,C,28,1,4,34,0.074,1,3,2,0,
02ED017,2020,0,Q,300,Eastern Temperate Forests,C,28,1,2,4,0,1.1,24,0,0,
02ED024,2020,0,Q,440,Eastern Temperate Forests,C,28,,2,8.5,1.2,1.3,52,2,0.006,
02ED026,2020,0,Q,340,Eastern Temperate Forests,C,26,1,4,21,0,1.2,32,4,1,
02ED101,2020,0,Q,310,Eastern Temperate Forests,S,25,3,4,22,0,1.1,27,4,0.56,
02ED102,2020,0,Q,300,Eastern Temperate Forests,C,34,4,4,48,0.39,1.4,55,1,0.14,
02FA002,2020,1,Q,610,Eastern Temperate Forests,C,41,,1,0.22,0,0.65,35,0,0,
02FA004,2020,0,Q,510,Eastern Temperate Forests,C,21,2,3,70,0,0.97,6,5,0,
02FB007,2020,1,Q,520,Eastern Temperate Forests,C,78,5,4,19,0,1,16,1,0,
02FB010,2020,1,Q,510,Eastern Temperate Forests,C,59,1,1,8.3,0,0.9,62,4,0.027,
02FC011,2020,0,Q,450,Eastern Temperate Forests,C,55,,4,80,0,1.1,18,2,0.004,
02FC016,2020,0,Q,480,Eastern Temperate Forests,C,32,1,3,22,0,0.87,66,0,0,
02FC017,2020,0,Q,420,Eastern Temperate Forests,S,18,2,4,12,0,1,66,0,0,
02FD001,2020,0,Q,440,Eastern Temperate Forests,C,32,3,4,100,0,1,70,0,0,
02FD002,2020,0,Q,510,Eastern Temperate Forests,C,27,2,4,74,0,1,10,0,0,
02FE008,2020,0,Q,470,Eastern Temperate Forests,C,41,1,4,98,0.43,1.1,28,2,0,
02FE009,2020,0,Q,520,Eastern Temperate Forests,C,49,,4,97,0,1,66,3,0.004,
02FE011,2020,0,Q,440,Eastern Temperate Forests,C,27,1,3,86,0.38,0.95,30,0,0,
02FE013,2020,0,Q,460,Eastern Temperate Forests,C,26,,4,94,0.64,1.1,36,1,0,
02FE014,2020,0,Q,550,Eastern Temperate Forests,C,24,1,4,96,0,1.1,18,0,0,
02FF004,2020,0,Q,420,Eastern Temperate Forests,C,51,,3,100,0,0.99,42,0,0,
02FF007,2020,0,Q,440,Eastern Temperate Forests,C,50,,4,100,0.54,1.1,26,0,0,
02FF008,2020,0,Q,390,Eastern Temperate Forests,C,41,1,3,99,0,0.98,62,0,0,
02GA010,2020,1,Q,350,Eastern Temperate Forests,C,73,5,4,94,0.6,1.3,46,10,0.015,
02GA018,2020,0,Q,370,Eastern Temperate Forests,C,63,1,4,97,0.24,1.1,39,5,0.011,
02GA038,2020,0,Q,430,Eastern Temperate Forests,C,43,2,3,98,0,0.95,24,1,0,
02GA041,2020,0,Q,880,Eastern Temperate Forests,C,26,1,4,76,0,1.1,57,0,0,
02GA043,2020,0,Q,430,Eastern Temperate Forests,C,23,1,4,100,0,1.4,19,0,0,
02GB007,2020,0,Q,300,Eastern Temperate Forests,C,51,,4,65,5,1.8,11,23,0.093,
02GC002,2020,0,Q,350,Eastern Temperate Forests,C,49,3,4,98,2.9,1.5,58,1,0.11,
02GC010,2020,0,Q,380,Eastern Temperate Forests,C,51,1,4,97,0.73,1.3,47,7,0,
02GC018,2020,0,Q,360,Eastern Temperate Forests,C,51,,4,98,0.87,1.2,47,1,0,
02GC021,2020,0,Q,400,Eastern Temperate Forests,C,35,2,4,86,0,1.2,15,0,0,
02GC029,2020,0,Q,330,Eastern Temperate Forests,C,31,,4,99,0.46,1.2,31,0,0,
02GC030,2020,0,Q,360,Eastern Temperate Forests,C,25,1,4,98,0.16,1.2,43,0,0,
02GC031,2020,0,Q,340,Eastern Temperate Forests,C,29,,4,100,1.2,1.5,66,0,0,
02GD004,2020,0,Q,450,Eastern Temperate Forests,C,68,3,4,99,0.57,1.1,16,4,0.01,
02GD010,2020,0,Q,420,Eastern Temperate Forests,C,53,5,3,100,0,0.96,70,0,0,
02GD019,2020,0,Q,340,Eastern Temperate Forests,C,42,1,3,94,1,1,10,0,0,
02GD021,2020,0,Q,400,Eastern Temperate Forests,C,38,1,4,100,1,1.2,39,0,0,
02GE007,2020,0,Q,330,Eastern Temperate Forests,C,31,1,4,100,0.78,1.7,37,0,0,
02GG002,2020,0,Q,340,Eastern Temperate Forests,C,68,1,4,98,0.76,1.3,40,4,0.016,
02GG003,2020,0,Q,330,Eastern Temperate Forests,C,33,,4,98,0.47,1.3,30,4,0.01,
02GG005,2020,0,Q,370,Eastern Temperate Forests,C,39,2,4,97,0.92,1.6,51,4,0.067,
02GG006,2020,0,Q,340,Eastern Temperate Forests,C,50,,4,100,0.2,1.1,10,1,0.029,
02GG009,2020,0,Q,330,Eastern Temperate Forests,C,35,1,4,99,0.46,1.1,31,6,0.039,
02GH002,2020,0,Q,310,Eastern Temperate Forests,C,44,,4,99,0,1.2,24,0,0,
02GH003,2020,0,Q,290,Eastern Temperate Forests,C,40,,4,97,0.58,1.6,60,0,0,
02HA006,2020,0,Q,330,Eastern Temperate Forests,C,58,1,4,88,2.3,1.6,5,0,0,
02HA020,2020,0,Q,330,Eastern Temperate Forests,C,23,,4,93,1.9,1.6,12,0,0,
02HB012,2020,0,Q,340,Eastern Temperate Forests,C,49,2,4,41,4.7,1.8,17,2,0.01,
02HB022,2020,0,Q,340,Eastern Temperate Forests,C,27,,4,14,0,1.5,49,2,0,
02HB023,2020,0,Q,400,Eastern Temperate Forests,C,26,2,4,33,0.23,1.2,37,0,0,
02HC019,2020,0,Q,440,Eastern Temperate Forests,C,50,2,4,27,0,1.4,34,3,0.018,
02HC023,2020,0,Q,250,Eastern Temperate Forests,C,42,1,4,36,1.8,1.4,9,1,0.048,
02HC025,2020,0,Q,270,Eastern Temperate Forests,C,49,2,4,16,2.2,1.7,14,15,0.1,
02HC038,2020,0,Q,330,Eastern Temperate Forests,C,22,4,4,51,0,1.2,18,0,0,
02HC047,2020,0,Q,300,Eastern Temperate Forests,C,26,2,2,4.4,0,1.5,61,10,0.12,
02HC049,2020,0,Q,340,Eastern Temperate Forests,C,27,1,4,50,4.6,1.9,25,4,0.006,
02HD009,2020,0,Q,390,Eastern Temperate Forests,C,46,2,4,33,0,1.7,41,1,0.013,
02HD012,2020,0,Q,420,Eastern Temperate Forests,C,40,,4,18,0,1.1,15,2,0.031,
02HG001,2020,0,Q,300,Eastern Temperate Forests,C,23,,4,68,0,1.2,21,0,0,
02HJ001,2020,0,Q,310,Eastern Temperate Forests,C,54,1,4,24,4,1.7,20,0,0,
02HK007,2020,0,Q,400,Eastern Temperate Forests,C,35,,4,21,0,1.3,16,1,0,
02HK008,2020,0,Q,350,Eastern Temperate Forests,C,24,2,1,6.8,0,0.8,10,0,0,
02HL003,2020,0,Q,380,Northern Forests,C,61,,2,0,0,0.22,2,3,2.2,
02HL004,2020,1,Q,390,Northern Forests,C,59,1,2,0,0,0.3,23,4,0.2,
02HL005,2020,0,Q,410,Northern Forests,C,51,,1,0,0,0.46,42,0,0,
02HM004,2020,0,Q,450,Eastern Temperate Forests,C,50,,2,4.2,0,1.2,30,1,0,
02HM005,2020,0,Q,500,Eastern Temperate Forests,C,47,,2,1.9,0.72,1.3,52,0,0,
02JB013,2020,0,Q,460,Northern Forests,C,43,1,1,0.044,0.044,0.21,23,1,0,
02JC008,2020,1,Q,400,Northern Forests,C,43,1,1,0.35,0.31,0.3,50,5,0.049,
02KF016,2020,0,Q,430,Northern Forests,C,28,1,2,0,0,0.41,2,3,1.3,
02KF017,2020,0,Q,400,Northern Forests,S,12,11,1,0,0,0.46,2,0,0,
02LA007,2020,0,Q,380,Eastern Temperate Forests,C,47,,4,19,1.4,1.2,69,0,0,
02LB006,2020,0,Q,390,Eastern Temperate Forests,C,45,2,4,42,1.1,1.4,63,1,0,
02LB007,2020,1,Q,450,Eastern Temperate Forests,C,64,3,1,4.7,0,0.86,19,1,0,
02LB008,2020,0,Q,440,Eastern Temperate Forests,C,33,2,4,34,0.9,1.3,63,0,0,
02LB017,2020,0,Q,350,Eastern Temperate Forests,C,21,1,1,7.3,0,1,26,0,0,
02LB020,2020,0,Q,380,Eastern Temperate Forests,C,31,1,4,48,0,1.1,28,0,0,
02LB022,2020,0,Q,400,Eastern Temperate Forests,C,32,3,3,44,0,0.98,16,0,0,
02LC027,2020,1,Q,640,Northern Forests,C,23,4,1,0,0,0.65,62,2,0.044,
02LC043,2020,1,Q,760,Northern Forests,C,38,4,1,0,0,0,1,0,0,
02LD005,2020,0,Q,520,Northern Forests,C,41,2,1,0.25,0.24,0.5,35,5,0.02,
02LG005,2020,1,Q,570,Northern Forests,C,36,1,2,0.01,0.01,0.048,1,10,0.3,
02MB006,2020,0,Q,460,Eastern Temperate Forests,C,35,1,1,9.2,0,0.98,33,2,0,
02MC001,2020,0,Q,450,Eastern Temperate Forests,C,56,,3,14,0.03,0.88,16,0,0,
02MC026,2020,0,Q,440,Eastern Temperate Forests,C,33,,3,13,0,0.92,19,0,0,
02MC028,2020,0,Q,410,Eastern Temperate Forests,C,22,1,1,9.2,0,0.83,3,1,0,
02NE011,2020,1,Q,600,Northern Forests,C,40,3,1,0,0,0.036,1,0,0,
02NF003,2020,1,Q,540,Northern Forests,C,77,5,1,0.092,0.092,0.29,23,0,0,
02OA057,2020,0,Q,400,Eastern Temperate Forests,C,37,1,3,20,0,0.59,71,4,0.002,
02OB032,2020,0,Q,610,Northern Forests,S,3,28,2,0,0,0.44,,2,0.36,
02OB037,2020,0,Q,530,Northern Forests,C,33,1,4,26,0.9,1.6,68,7,0.12,
02OD003,2020,0,Q,660,Northern Forests,C,36,1,4,23,0.92,1.1,44,13,0.006,
02OE027,2020,1,Q,620,Northern Forests,C,57,3,1,0.51,0.13,0.62,66,1,0,
02OE032,2020,0,Q,770,Northern Forests,C,36,2,1,0,0,0.37,35,3,0.016,
02OG026,2020,0,Q,490,Eastern Temperate Forests,C,40,3,3,71,0,0.8,10,0,0,
02OJ024,2020,0,Q,480,Eastern Temperate Forests,C,37,2,4,84,0.77,1.3,65,0,0,
02OJ026,2020,0,Q,390,Eastern Temperate Forests,C,30,2,4,73,0.34,1,53,0,0,
02PA007,2020,0,Q,690,Northern Forests,C,44,1,2,1.3,0.0099,0.24,35,23,0.15,
02PB006,2020,1,Q,920,Northern Forests,C,47,2,1,0,0,0.12,1,1,0.008,
02PC018,2020,0,Q,930,Northern Forests,S,11,11,1,0,0,0,,0,0,
02PC019,2020,0,Q,700,Northern Forests,S,18,4,2,4,0.19,1.1,,2,0.045,
02PD002,2020,0,Q,940,Northern Forests,C,60,2,2,0.086,0.086,0.25,13,62,0.93,
02PD004,2020,0,Q,1000,Northern Forests,C,28,2,2,0,0,0.25,1,12,0.21,
02PD012,2020,1,Q,1000,Northern Forests,C,41,3,1,0,0,0.71,1,1,0.036,
02PD013,2020,0,Q,1000,Northern Forests,C,40,4,1,0,0,0.73,1,2,0.015,
02PD014,2020,0,Q,950,Northern Forests,C,29,7,1,0,0,0,1,0,0,
02PD015,2020,0,Q,1000,Northern Forests,C,24,2,1,0,0,0.74,1,1,0,
02PE014,2020,0,Q,740,Eastern Temperate Forests,C,30,5,3,36,0,0.18,57,0,0,
02PG006,2020,0,Q,600,Northern Forests,C,34,1,1,0.45,0,0.23,2,6,0.064,
02PG022,2020,0,Q,610,Northern Forests,C,29,2,2,0.02,0.02,0.23,35,8,0.77,
02PJ007,2020,1,Q,610,Eastern Temperate Forests,C,78,1,3,13,0,0.74,29,3,0.006,
02PJ030,2020,0,Q,670,Northern Forests,C,46,1,1,0,0,0.64,13,0,0,
02PL005,2020,0,Q,740,Northern Forests,C,44,1,1,2.6,2.5,0.96,38,2,0.009,
02QA002,2020,1,Q,610,Northern Forests,C,49,1,2,0.082,0,0.28,35,8,0.96,
02QC009,2020,0,Q,920,Northern Forests,C,37,3,1,0,0,0.14,1,0,0,
02RC011,2020,0,Q,590,Northern Forests,C,37,1,1,0.059,0,0.17,2,2,0,
02RD003,2020,0,Q,650,Northern Forests,C,48,6,1,0,0,0.068,1,1,0,
02RF001,2020,1,Q,610,Northern Forests,C,50,10,2,0.081,0.0026,0.077,1,7,0.23,
02RF009,2020,0,Q,460,Northern Forests,C,21,3,1,2,0,0.19,23,1,0,
02RG005,2020,1,Q,660,Northern Forests,C,35,2,1,0,0,0.068,1,1,0,
02RH027,2020,0,Q,820,Northern Forests,C,39,1,2,0,0,0.22,1,4,1.5,
02RH035,2020,0,Q,780,Northern Forests,C,41,1,2,0,0,0.076,1,5,0.13,
02RH045,2020,0,Q,950,Northern Forests,C,38,1,2,0,0,0.25,23,2,0.14,
02UA003,2020,0,Q,830,Northern Forests,C,36,1,1,0,0,0.042,1,2,0.088,
02UC002,2020,1,Q,690,Northern Forests,C,43,3,1,0,0,0.005,1,3,0.03,
02VB004,2020,0,Q,730,Northern Forests,C,23,1,1,0,0,0,1,0,0,
02WB003,2020,1,Q,710,Northern Forests,C,31,1,1,0,0,0,1,0,0,
02XA003,2020,0,Q,660,Taiga,C,36,,1,0,0,0,1,0,0,
02XC001,2020,1,Q,820,Taiga,C,35,1,1,0,0,0,1,0,0,
02YA002,2020,0,Q,1300,Northern Forests,C,31,,1,0,0,0.091,1,0,0,
02YC001,2020,1,Q,1300,Northern Forests,C,57,,2,0,0,0.023,1,1,0.55,
02YD002,2020,0,Q,880,Northern Forests,C,37,,2,0,0,0.23,1,1,5.8,
02YE001,2020,0,Q,1500,Northern Forests,C,33,,1,0,0,0,1,0,0,
02YG001,2020,0,Q,1400,Northern Forests,C,31,,1,0,0,0.075,1,0,0,
02YJ001,2020,1,Q,1400,Northern Forests,C,48,1,2,0,0,0.14,2,5,0.26,
02YK002,2020,0,Q,1200,Northern Forests,C,54,,1,0,0,0,1,0,0,
02YK005,2020,0,Q,900,Northern Forests,C,44,1,1,0,0,0.11,1,0,0,
02YK008,2020,0,Q,810,Northern Forests,C,31,1,1,0,0,0.039,1,0,0,
02YL001,2020,1,Q,1200,Northern Forests,C,78,4,1,0,0,0.13,1,14,0.011,
02YL004,2020,0,Q,980,Northern Forests,C,34,,1,0.052,0.052,0.3,70,0,0,
02YL005,2020,0,Q,910,Northern Forests,C,32,,1,0,0,0.14,70,0,0,
02YL008,2020,0,Q,1800,Northern Forests,C,29,,1,0,0,0.076,1,0,0,
02YL011,2020,0,Q,1200,Northern Forests,C,22,,1,0,0,0.46,1,0,0,
02YM003,2020,1,Q,860,Northern Forests,C,37,,1,0,0,0.19,2,0,0,
02YM004,2020,0,Q,850,Northern Forests,C,27,,2,0,0,0.037,1,1,0.77,
02YN002,2020,0,Q,1400,Northern Forests,C,36,,1,0,0,0.008,1,0,0,
02YO006,2020,0,Q,800,Northern Forests,C,36,,1,0,0,0.21,3,1,0.073,
02YO008,2020,0,Q,880,Northern Forests,C,33,,2,0,0,0.068,1,8,0.33,
02YO012,2020,0,Q,790,Northern Forests,C,28,,1,0,0,0.54,23,0,0,
02YQ001,2020,1,Q,860,Northern Forests,C,67,,2,0.062,0.062,0.073,2,12,0.37,
02YQ005,2020,0,Q,1000,Northern Forests,C,30,,1,0,0,0.021,1,0,0,
02YR001,2020,1,Q,810,Northern Forests,C,57,1,1,0,0,0.074,1,0,0,
02YR003,2020,0,Q,750,Northern Forests,C,36,,2,0,0,0.053,1,6,3.4,
02YS003,2020,1,Q,860,Northern Forests,C,49,,1,0,0,0.038,1,0,0,
02YS005,2020,0,Q,780,Northern Forests,C,32,,2,0,0,0.03,1,9,1.7,
02YS006,2020,0,Q,960,Northern Forests,C,22,,1,0,0,0.017,1,0,0,
02ZA002,2020,0,Q,1200,Northern Forests,C,35,,1,0,0,0.34,1,0,0,
02ZB001,2020,1,Q,2100,Northern Forests,C,54,,1,0,0,0.008,1,0,0,
02ZC002,2020,0,Q,1800,Northern Forests,C,35,,1,0,0,0.083,1,0,0,
02ZD002,2020,0,Q,1300,Northern Forests,C,37,1,2,0,0,0.006,1,1,22,
02ZE004,2020,0,Q,1100,Northern Forests,C,27,1,1,0,0,0.14,1,0,0,
02ZF001,2020,1,Q,1100,Northern Forests,C,64,1,1,0,0,0,1,0,0,
02ZG001,2020,1,Q,1400,Northern Forests,C,58,,1,0,0,0.044,1,0,0,
02ZG003,2020,0,Q,1300,Northern Forests,C,37,,1,0,0,0,1,0,0,
02ZG004,2020,0,Q,1500,Northern Forests,C,36,,1,0,0,0.16,1,0,0,
02ZH001,2020,1,Q,1000,Northern Forests,C,64,,1,0,0,0.009,1,0,0,
02ZH002,2020,1,Q,1700,Northern Forests,C,48,,1,0,0,0.5,2,0,0,
02ZJ001,2020,1,Q,1000,Northern Forests,C,40,1,1,0,0,0.29,1,0,0,
02ZJ002,2020,0,Q,1100,Northern Forests,C,34,,1,0,0,0.15,2,0,0,
02ZJ003,2020,0,Q,1100,Northern Forests,C,31,,1,0,0,0.12,2,0,0,
02ZK001,2020,1,Q,1200,Northern Forests,C,67,,1,0,0,0.29,35,0,0,
02ZK002,2020,0,Q,1400,Northern Forests,C,38,,1,0,0,0.27,1,0,0,
02ZK003,2020,0,Q,1300,Northern Forests,C,34,,1,0,0,0.016,2,0,0,
02ZK004,2020,0,Q,1600,Northern Forests,C,34,,1,0,0,0.016,1,0,0,
02ZL004,2020,0,Q,950,Northern Forests,C,34,,2,0,0,1,30,0,0,
02ZL005,2020,0,Q,1200,Northern Forests,C,32,,1,0,0,0.049,1,0,0,
02ZM006,2020,1,Q,1200,Northern Forests,C,63,1,1,0,0,0.46,46,0,0,
02ZM009,2020,0,Q,1700,Northern Forests,C,37,1,1,0,0,0.11,2,0,0,
02ZM016,2020,0,Q,1400,Northern Forests,C,34,,1,0,0,0.77,42,0,0,
02ZN002,2020,0,Q,1600,Northern Forests,C,32,,1,0,0,0.1,1,0,0,
03AB002,2020,0,Q,590,Northern Forests,C,35,5,1,0.015,0.015,0.05,1,5,0,
03AC004,2020,0,Q,550,Northern Forests,C,43,4,1,0.018,0.018,0.078,1,10,0.037,
03BD002,2020,0,Q,570,Northern Forests,C,28,2,1,0,0,0.023,1,0,0,
03BF001,2020,1,Q,530,Hudson Plains,C,29,5,1,0.021,0.021,0.031,1,0,0,
03ED001,2020,0,Q,470,Taiga,C,41,3,2,0,0,0.001,1,8,12,Laforge 2
03FA003,2020,1,Q,660,Taiga,C,32,3,1,0,0,0,1,0,0,
03KC004,2020,1,Q,490,Taiga,C,30,4,1,0,0,0,1,0,0,
03MB002,2020,1,Q,550,Taiga,C,40,1,1,0,0,0,1,0,0,
03MD001,2020,1,Q,700,Taiga,C,23,2,1,0,0,0,1,0,0,
03NF001,2020,1,Q,660,Taiga,C,37,,1,0,0,0,1,0,0,
03OC003,2020,1,Q,620,Taiga,S,22,4,1,0,0,0,1,0,0,
03OE010,2020,0,Q,760,Northern Forests,C,23,,1,0,0,0.019,1,0,0,
03QC001,2020,1,Q,730,Taiga,C,46,1,1,0,0,0.012,1,0,0,
03QC002,2020,1,Q,720,Northern Forests,C,39,,1,0,0,0,1,0,0,
04AA004,2020,0,Q,150,Northern Forests,C,30,1,1,0,0,0.024,1,0,0,
04AB001,2020,0,Q,190,Northern Forests,S,18,2,1,0.0005,0.0005,0.01,1,1,0,
04AD002,2020,1,Q,200,Northern Forests,C,23,1,1,0.00011,0.00011,0,1,1,0,
04CA002,2020,0,Q,240,Northern Forests,C,36,1,1,0.0011,0.0011,0.02,1,2,0,
04CA003,2020,0,Q,280,Northern Forests,C,36,2,1,0,0,0,1,0,0,
04CB001,2020,0,Q,270,Northern Forests,C,37,,1,0,0,0.017,1,0,0,
04DA001,2020,1,Q,310,Northern Forests,C,50,,1,0,0,0.016,1,0,0,
04DB001,2020,0,Q,300,Northern Forests,C,45,,1,0,0,0.044,1,0,0,
04DC001,2020,0,Q,280,Northern Forests,C,41,1,1,0,0,0.018,1,1,0,
04DC002,2020,1,Q,270,Hudson Plains,C,43,,1,0,0,0,1,0,0,
04EA001,2020,1,Q,280,Hudson Plains,C,30,1,1,0,0,0,1,0,0,
04FA001,2020,0,Q,310,Northern Forests,C,37,,2,0,0,0.046,1,1,0.12,
04FA003,2020,0,Q,330,Northern Forests,C,43,,1,0,0,0.018,1,0,0,
04FB001,2020,0,Q,320,Northern Forests,C,33,1,1,0,0,0.033,1,1,0.044,
04FC001,2020,1,Q,320,Northern Forests,C,45,,1,0,0,0.023,1,1,0.03,
04GA002,2020,1,Q,280,Northern Forests,C,41,3,1,0.018,0.018,0.005,1,0,0,
04GB004,2020,1,Q,320,Northern Forests,C,43,,1,0,0,0.12,1,0,0,
04GB005,2020,0,Q,270,Northern Forests,C,28,1,1,0,0,0.62,1,0,0,
04JC002,2020,1,Q,360,Northern Forests,C,66,,1,0,0,0.059,1,0,0,
04JD005,2020,0,Q,340,Northern Forests,C,49,,1,0,0,0.1,1,0,0,
04JF001,2020,0,Q,310,Northern Forests,C,34,2,1,0,0,0.092,1,0,0,
04KA001,2020,1,Q,330,Hudson Plains,C,44,1,1,0,0,0,1,0,0,
04LJ001,2020,1,Q,370,Northern Forests,C,96,1,1,0,0,0.16,1,1,0,
04LM001,2020,0,Q,370,Northern Forests,C,43,,1,0.012,0.012,0.12,1,3,0,
04MD004,2020,0,Q,430,Northern Forests,C,26,1,1,0.29,0.29,0.29,26,0,0,
04MF001,2020,1,Q,460,Northern Forests,C,50,,1,0,0,0.008,1,0,0,
04NA001,2020,1,Q,500,Northern Forests,C,78,1,1,0.67,0.59,0.37,13,0,0,
05AA004,2020,0,Q,240,Northwest Forested Mountains,S,,72,4,30,0.93,0.55,3,3,0.54,
05AA008,2020,1,Q,380,Northwest Forested Mountains,C,61,15,1,1,1,0.5,3,5,0.025,
05AA011,2020,0,Q,400,Northwest Forested Mountains,S,2,36,1,0.2,0,0.28,1,1,0,
05AA022,2020,0,Q,600,Northwest Forested Mountains,C,69,2,1,0.27,0,0.2,1,0,0,
05AA028,2020,0,Q,700,Northwest Forested Mountains,S,,50,1,0,0,0.1,1,0,0,
05AA909,2020,0,Q,140,Northwest Forested Mountains,S,,28,1,0,0,0.21,1,0,0,
05AB005,2020,1,Q,64,Northwest Forested Mountains,S,,50,1,0.088,0,0.31,1,17,0,
05AB013,2020,0,Q,34,Great Plains,S,,55,1,9,0,0.34,1,26,0,
05AB029,2020,0,Q,31,Great Plains,S,,51,1,3.5,0,0.37,2,4,0,
05AC030,2020,0,Q,7.8,Great Plains,S,,35,3,98,0.29,0.82,50,25,0,
05AD003,2020,1,Q,930,Northwest Forested Mountains,C,86,4,1,0,0,0,71,1,0,
05AD035,2020,0,Q,14,Great Plains,S,,47,3,95,0,0.48,2,3,0,
05AE005,2020,0,Q,36,Great Plains,S,,86,3,94,0,0.33,71,13,0,
05AH037,2020,0,Q,18,Northwest Forested Mountains,S,,56,3,94,0,0.51,1,72,0,
05AH041,2020,1,Q,17,Northwest Forested Mountains,S,,53,3,14,0,0.33,1,227,0,
05AH047,2020,0,Q,3.3,Great Plains,S,,32,3,53,0,0.64,1,13,0,
05AH050,2020,0,Q,8.9,Northwest Forested Mountains,S,,29,3,63,0,0.42,1,257,0.09,
05BA001,2020,0,Q,790,Northwest Forested Mountains,C,27,32,1,0,0,0.13,1,0,0,
05BB001,2020,1,Q,560,Northwest Forested Mountains,C,106,,1,0.018,0.018,0.16,35,3,0,
05BG006,2020,0,Q,200,Northern Forests,C,47,4,1,0,0,0.093,1,0,0,
05BH013,2020,0,Q,300,Northwest Forested Mountains,S,,38,1,0,0,0.21,1,0,0,
05BJ004,2020,0,Q,340,Northwest Forested Mountains,C,38,29,1,0,0,0.2,2,4,0.009,
05BJ010,2020,0,Q,260,Northwest Forested Mountains,S,9,22,3,16,1,0.64,48,10,0.006,
05BK001,2020,0,Q,100,Northern Forests,S,11,58,1,0.7,0,0.61,66,12,0.033,
05BL013,2020,0,Q,130,Northern Forests,S,,56,1,1.5,0,0.42,23,25,0.001,
05BL014,2020,0,Q,270,Northwest Forested Mountains,C,46,6,1,5.2,0.083,0.3,62,5,0,
05BL019,2020,0,Q,370,Northwest Forested Mountains,S,,65,1,0,0,0.15,1,0,0,
05BL022,2020,1,Q,370,Northwest Forested Mountains,C,44,5,1,0,0,0.26,1,0,0,
05BL023,2020,1,Q,140,Great Plains,S,,49,3,16,0,0.16,1,4,0,
05BL027,2020,0,Q,330,Northwest Forested Mountains,S,,37,1,0,0,0,1,0,0,
05BM014,2020,1,Q,11,Great Plains,S,,50,3,100,0.068,0.85,23,28,0,
05BM018,2020,0,Q,18,Great Plains,S,,29,3,100,0,0.86,2,1,0,
05CA002,2020,0,Q,180,Northern Forests,S,1,48,1,0.31,0,0.42,1,3,0,
05CA004,2020,0,Q,380,Northwest Forested Mountains,S,,47,1,0,0,0.02,1,0,0,
05CA009,2020,1,Q,300,Northwest Forested Mountains,C,42,,1,0,0,0.079,1,0,0,
05CA011,2020,0,Q,140,Northern Forests,S,,29,1,1.5,0,0.73,23,0,0,
05CA012,2020,0,Q,180,Northern Forests,S,,25,1,0.0041,0,0.34,2,4,0,
05CB001,2020,0,Q,58,Great Plains,C,56,,3,59,0.16,0.83,62,20,0,
05CB002,2020,0,Q,140,Northern Forests,S,,52,1,0,0,0.29,1,0,0,
05CB004,2020,0,Q,110,Northern Forests,C,45,,3,33,0,0.75,35,1,0,
05CC001,2020,0,Q,50,Northern Forests,C,53,9,3,59,0.062,0.95,66,0,0,
05CC007,2020,0,Q,68,Northern Forests,C,42,12,3,45,0,0.89,42,3,0.011,
05CC008,2020,0,Q,100,Northern Forests,S,,49,3,22,0,0.76,23,0,0,
05CC009,2020,0,Q,78,Northern Forests,S,,50,3,27,0,0.9,23,0,0,
05CC010,2020,1,Q,86,Northern Forests,S,,38,1,3.4,0,0.97,23,0,0,
05CC011,2020,0,Q,24,Great Plains,S,,32,4,97,3.8,1.8,7,3,0.004,
05CD006,2020,0,Q,15,Great Plains,S,,38,3,100,0,0.93,35,0,0,
05CD007,2020,0,Q,22,Great Plains,S,,33,3,94,0,0.98,50,2,0.08,
05CE002,2020,0,Q,12,Great Plains,S,,65,3,100,0.016,0.99,35,91,0.004,
05CE006,2020,0,Q,13,Great Plains,S,,60,4,99,0.081,1.1,16,33,0.001,
05CE010,2020,0,Q,32,Great Plains,S,,41,3,99,0,0.85,35,0,0,
05CE011,2020,0,Q,17,Great Plains,S,,43,3,100,0,0.85,2,9,0,
05CE018,2020,0,Q,21,Great Plains,S,,43,3,94,0,0.84,35,0,0,
05CE020,2020,0,Q,7.2,Great Plains,S,,34,3,98,0,0.85,2,55,0,
05CG004,2020,0,Q,7.5,Great Plains,S,,37,3,94,0,0.84,2,24,0,
05CG006,2020,0,Q,11,Great Plains,S,,31,3,89,0,0.72,1,18,0,
05CK001,2020,0,Q,2.5,Great Plains,S,,51,1,0.74,0,0.33,1,64,0.029,
05CK005,2020,0,Q,1.9,Great Plains,S,,54,1,4.6,0,0.42,1,16,0,
05DA007,2020,1,Q,810,Northwest Forested Mountains,C,49,3,1,0,0,0.1,1,0,0,
05DA009,2020,1,Q,870,Northwest Forested Mountains,C,46,1,1,0,0,0.056,1,0,0,
05DA010,2020,1,Q,650,Northwest Forested Mountains,C,44,1,1,0,0,0.067,1,0,0,
05DB002,2020,0,Q,170,Northern Forests,C,55,12,1,0.042,0,0.42,2,0,0,
05DB005,2020,0,Q,210,Northern Forests,S,,44,1,0,0,0.19,1,0,0,
05DB006,2020,0,Q,240,Northern Forests,C,41,,1,0.77,0,0.21,1,1,0,
05DC006,2020,0,Q,260,Northern Forests,C,41,9,1,0,0,0.069,1,0,0,
05DC011,2020,0,Q,210,Northern Forests,S,,41,1,0,0,0.036,1,0,0,
05DC012,2020,0,Q,150,Northern Forests,C,31,,1,0,0,0.37,2,0,0,
05DD004,2020,1,Q,290,Northern Forests,S,,41,1,0,0,0.21,1,0,0,
05DD007,2020,0,Q,460,Northwest Forested Mountains,S,,44,1,0,0,0.037,1,0,0,
05DD009,2020,0,Q,180,Northern Forests,C,44,,1,0,0,0.27,1,0,0,
05DE007,2020,1,Q,100,Northern Forests,S,,43,1,0,0,0.49,1,0,0,
05DF003,2020,0,Q,22,Great Plains,S,,40,4,82,1.8,1.5,67,5,0.43,
05DF004,2020,0,Q,48,Northern Forests,S,,47,4,72,0,1.1,42,1,0.03,
05DF006,2020,0,Q,28,Great Plains,S,,43,4,98,1.8,1.4,59,2,0.031,
05DF007,2020,0,Q,21,Great Plains,S,,38,4,98,0,1.1,50,0,0,
05EA001,2020,0,Q,31,Great Plains,S,11,77,4,59,1.2,1.3,54,11,0.003,
05EA002,2020,0,Q,33,Northern Forests,S,4,26,4,50,0.98,1.3,49,8,0.003,
05EA005,2020,0,Q,28,Northern Forests,C,45,7,3,41,0,0.98,3,5,0.004,
05EA010,2020,0,Q,56,Northern Forests,S,,35,1,3.1,0,0.7,35,4,0,
05EB902,2020,0,Q,30,Great Plains,S,,35,4,28,0,1.8,48,1,0.002,
05EC002,2020,0,Q,18,Northern Forests,S,,50,3,67,0,0.86,2,0,0,
05EC005,2020,0,Q,12,Northern Forests,S,,36,3,73,0,0.94,57,2,0,
05ED002,2020,0,Q,10,Northern Forests,S,,39,3,68,0,0.91,35,2,0.003,
05EE005,2020,0,Q,17,Great Plains,S,,37,4,100,0,1.2,2,6,0.014,
05EE006,2020,1,Q,17,Great Plains,S,,38,3,81,0,0.8,2,3,0,
05EE009,2020,0,Q,6.4,Great Plains,S,,29,3,96,0,0.93,23,15,0,
05EF004,2020,0,Q,15,Northern Forests,S,,42,3,13,0,0.34,1,5,0.01,
05EF005,2020,0,Q,8.1,Great Plains,S,,46,4,93,0.55,1.3,28,37,0.009,
05EF006,2020,0,Q,23,Northern Forests,S,,38,3,46,0.14,0.55,23,0,0,
05EG004,2020,0,Q,17,Great Plains,S,,45,3,90,0,0.56,1,1,0,
05FA001,2020,0,Q,44,Northern Forests,C,55,10,4,60,0.26,1.1,10,7,0.002,
05FA012,2020,0,Q,20,Great Plains,S,,32,4,89,0,1.1,62,0,0,
05FA014,2020,0,Q,18,Great Plains,S,,41,4,99,0,1.2,23,0,0,
05FA024,2020,0,Q,11,Great Plains,S,,30,4,99,0.87,1.3,39,0,0,
05FB002,2020,1,Q,3.6,Great Plains,S,,50,3,96,0.01,0.89,23,19,0,
05FC002,2020,0,Q,19,Great Plains,S,,47,3,62,0,0.97,2,8,0,
05FC004,2020,0,Q,22,Great Plains,S,,33,3,41,0,0.88,2,5,0,
05FC007,2020,0,Q,20,Great Plains,S,,28,3,18,0,0.8,2,25,0,
05FE002,2020,0,Q,7,Great Plains,S,,43,3,99,0,0.91,2,0,0,
05FF003,2020,0,Q,15,Great Plains,S,,42,3,100,0,0.82,1,24,0.028,
05GA008,2020,0,Q,0.72,Great Plains,S,,43,1,5.2,0,0.48,1,174,0,
05GA010,2020,0,Q,0.85,Great Plains,S,,30,3,74,0.036,0.99,35,15,0,
05GA012,2020,0,Q,0.42,Great Plains,S,,31,1,4.9,0,0.5,1,149,0,
05GB004,2020,0,Q,4.5,Great Plains,S,,45,3,91,0,0.82,1,10,0,
05GC007,2020,1,Q,9.6,Great Plains,S,,56,3,100,0,0.95,23,2,0,
05GD002,2020,1,Q,17,Northern Forests,S,,35,3,21,0,0.59,1,2,0,
05GF001,2020,0,Q,14,Northern Forests,S,,50,3,40,0.024,0.68,23,6,0.056,
05GF002,2020,0,Q,19,Northern Forests,S,,49,3,43,0.012,0.61,23,9,0.029,
05GG010,2020,1,Q,27,Northern Forests,S,,50,3,50,0,0.56,2,0,0,
05HA015,2020,0,Q,8.5,Great Plains,S,,63,3,99,0,0.86,2,27,0,
05HD036,2020,1,Q,23,Northwest Forested Mountains,C,38,24,4,76,0,0.85,23,116,0.1,
05HE001,2020,1,Q,3.8,Great Plains,S,,46,3,62,0,0.77,2,51,0,
05HG021,2020,0,Q,9.1,Great Plains,S,,37,3,100,0,0.94,23,2,0,
05HH002,2020,0,Q,32,Northern Forests,S,,42,4,100,0,1.1,2,0,0,
05HH003,2020,0,Q,17,Great Plains,S,,40,4,100,0,1,,1,0,
05JA003,2020,0,Q,16,Great Plains,S,,48,4,93,0,0.84,2,55,0.13,
05JB004,2020,1,Q,11,Great Plains,S,,41,4,90,0,0.83,1,35,0.54,
05JB007,2020,0,Q,23,Great Plains,S,,39,3,98,0,0.74,2,6,0,
05JC004,2020,0,Q,18,Great Plains,S,,50,3,97,0,0.76,2,16,0,
05JC007,2020,0,Q,19,Great Plains,S,,42,4,97,0,1,1,13,0,
05JF011,2020,0,Q,14,Great Plains,S,,43,3,99,0,0.92,35,4,0.019,
05JF014,2020,0,Q,17,Great Plains,S,,38,4,99,0,1.4,24,5,0.002,
05JG001,2020,0,Q,3.7,Great Plains,S,,39,3,80,0,0.77,2,31,0.004,
05JG013,2020,0,Q,10,Great Plains,S,,46,4,97,0,1,2,11,0.21,
05JH005,2020,0,Q,5.8,Great Plains,S,,45,3,97,0,0.73,1,4,0,
05JJ009,2020,0,Q,0.35,Great Plains,S,,45,4,84,0.0037,0.79,2,122,1.6,
05JK008,2020,0,Q,15,Great Plains,S,,33,3,100,0,0.96,23,24,0.007,
05JM010,2020,0,Q,16,Great Plains,S,,48,4,95,0.037,0.84,23,17,0.4,
05KB003,2020,0,Q,20,Northern Forests,S,,60,4,88,0.034,0.86,23,34,1.1,
05KB006,2020,0,Q,40,Northern Forests,S,,49,3,89,0,0.74,2,0,0,
05KB011,2020,0,Q,47,Northern Forests,S,,40,3,92,0.12,0.93,42,0,0,
05KC001,2020,0,Q,25,Northern Forests,S,19,41,4,84,0.027,0.81,23,37,0.63,
05KE005,2020,0,Q,39,Northern Forests,S,,45,3,46,0,0.57,2,0,0,
05KE007,2020,0,Q,35,Northern Forests,S,,42,3,78,0,0.79,2,0,0,
05KE010,2020,0,Q,120,Northern Forests,C,23,,1,0,0,0.22,1,0,0,
05KF001,2020,0,Q,140,Northern Forests,C,22,17,1,0,0,0.076,1,0,0,
05KG007,2020,0,Q,100,Northern Forests,C,23,17,1,0,0,0.041,1,0,0,
05KH007,2020,0,Q,44,Northern Forests,C,47,1,4,66,0.021,0.66,23,37,0.49,
05KJ014,2020,1,Q,240,Northern Forests,S,,39,1,0,0,0.055,1,0,0,
05LA003,2020,0,Q,42,Northern Forests,S,,42,3,100,0,0.88,42,3,0,
05LB004,2020,0,Q,41,Northern Forests,S,,52,3,71,0,0.94,23,0,0,
05LB006,2020,0,Q,46,Northern Forests,S,,51,3,70,0,0.76,2,0,0,
05LB008,2020,0,Q,25,Northern Forests,S,,31,3,11,0,0.42,1,0,0,
05LB010,2020,0,Q,77,Northern Forests,S,,41,1,5.3,0,0.056,1,0,0,
05LC001,2020,0,Q,52,Northern Forests,C,43,20,3,42,0.05,0.5,2,10,0.03,
05LD001,2020,1,Q,98,Northern Forests,S,,60,2,0.92,0.013,0.064,1,2,0.94,
05LD003,2020,1,Q,120,Northern Forests,S,,40,1,0,0,0.017,1,1,0.061,
05LE004,2020,0,Q,76,Northern Forests,S,,62,3,35,0,0.34,2,0,0,
05LE005,2020,0,Q,88,Northern Forests,S,,52,3,35,0,0.36,2,0,0,
05LE006,2020,0,Q,49,Northern Forests,C,36,17,3,47,0.036,0.52,23,1,0.001,
05LE008,2020,0,Q,69,Northern Forests,C,25,26,3,16,0,0.2,1,0,0,
05LE010,2020,0,Q,180,Northern Forests,S,,28,1,1.3,0,0.18,2,0,0,
05LE011,2020,1,Q,67,Northern Forests,S,,42,3,48,0,0.54,1,0,0,
05LG004,2020,1,Q,190,Northern Forests,S,,46,1,1.7,0.013,0.14,1,0,0,
05LH005,2020,1,Q,51,Northern Forests,C,62,,4,24,0.022,0,2,26,9.4,
05LJ005,2020,1,Q,150,Northern Forests,S,3,80,1,8.5,0,0.18,1,0,0,
05LJ007,2020,0,Q,81,Great Plains,S,,67,3,40,0,0.56,2,2,0,
05LJ027,2020,0,Q,130,Northern Forests,S,,54,3,23,0,0.34,1,0,0,
05LJ045,2020,0,Q,78,Northern Forests,S,,36,3,60,0,0.54,2,0,0,
05LL014,2020,0,Q,33,Great Plains,C,44,5,4,72,0,1.1,3,0,0,
05LL015,2020,0,Q,49,Great Plains,S,,46,3,53,0,0.68,2,1,0.001,
05LL027,2020,1,Q,98,Northern Forests,S,,38,3,15,0,0.42,2,0,0,
05MA020,2020,0,Q,29,Great Plains,S,,41,3,100,0,0.93,23,0,0,
05MA021,2020,1,Q,39,Great Plains,S,,44,4,100,0.37,1.1,13,1,0,
05MA025,2020,0,Q,36,Great Plains,S,,30,3,100,0,0.9,23,0,0,
05MC001,2020,0,Q,41,Northern Forests,S,,72,3,38,0.057,0.62,2,1,0,
05MC002,2020,0,Q,30,Northern Forests,S,,60,3,97,0,0.96,2,0,0,
05MC003,2020,0,Q,49,Northern Forests,S,,48,3,37,0.22,0.75,2,0,0,
05MD005,2020,0,Q,54,Northern Forests,C,57,10,3,27,0,0.36,2,0,0,
05MD010,2020,0,Q,22,Great Plains,S,,46,4,96,0,1,2,0,0,
05ME003,2020,0,Q,56,Northern Forests,S,,62,3,38,0,0.4,23,0,0,
05ME005,2020,0,Q,40,Great Plains,S,,49,3,89,0,0.66,2,0,0,
05ME007,2020,0,Q,23,Great Plains,S,,42,3,95,0,0.84,35,0,0,
05MF001,2020,0,Q,55,Northern Forests,C,57,16,4,33,0.066,0.52,2,13,0.19,
05MF008,2020,0,Q,61,Northern Forests,C,28,19,3,21,0,0.4,2,1,0,
05MG001,2020,0,Q,16,Great Plains,S,,41,3,98,0,0.78,2,5,0.051,
05MG003,2020,0,Q,22,Great Plains,S,,41,3,98,0,0.72,2,6,0,
05MH006,2020,0,Q,18,Great Plains,S,,39,3,91,0,0.89,23,0,0,
05MH007,2020,0,Q,18,Great Plains,S,,47,3,18,0.12,0.35,35,0,0,
05MH008,2020,0,Q,55,Great Plains,S,,48,4,100,0,1.1,35,0,0,
05NB033,2020,0,Q,16,Great Plains,S,,23,3,94,0,0.96,1,1,0,
05NB035,2020,0,Q,15,Great Plains,S,,25,3,79,0,0.7,1,3,0,
05ND011,2020,0,Q,5.6,Great Plains,S,,25,4,100,0,1,1,3,0,
05NE003,2020,0,Q,11,Great Plains,S,,44,3,91,0,0.77,2,27,0.063,
05NF002,2020,1,Q,4.3,Great Plains,S,19,53,3,95,0.025,0.92,2,23,0.013,
05NF006,2020,1,Q,13,Great Plains,S,,43,3,100,0.12,0.91,23,5,0,
05NF008,2020,0,Q,7.9,Great Plains,S,,60,3,100,0,0.78,2,5,0,
05NF010,2020,1,Q,12,Great Plains,S,,52,3,81,0,0.74,2,1,0,
05NG010,2020,0,Q,18,Great Plains,C,23,20,3,95,0,0.78,2,15,0.018,
05NG012,2020,0,Q,18,Great Plains,S,,38,3,97,0,0.81,2,3,0.051,
05NG020,2020,0,Q,8.3,Great Plains,S,,34,3,77,0,0.68,23,7,0.001,
05OA007,2020,0,Q,25,Great Plains,C,25,28,4,98,0,0,71,10,0.16,
05OB010,2020,0,Q,31,Great Plains,S,,45,3,99,0,0.21,71,2,0.02,
05OB016,2020,0,Q,30,Great Plains,C,55,1,3,100,0,0,71,3,0.016,
05OB021,2020,0,Q,50,Great Plains,C,29,24,3,100,0.31,0,71,0,0,
05OC016,2020,0,Q,41,Great Plains,S,,42,4,99,0.45,1.2,39,68,0.062,
05OC019,2020,0,Q,38,Great Plains,S,,38,3,100,0.11,0.89,71,2,0.001,
05OC022,2020,0,Q,75,Great Plains,S,,33,3,100,0,0.82,71,0,0,
05OE004,2020,1,Q,92,Northern Forests,C,36,15,1,0.11,0.11,0.44,2,0,0,
05OE006,2020,0,Q,50,Great Plains,S,,38,4,79,0.61,1.4,54,0,0,
05OE007,2020,0,Q,72,Great Plains,S,,34,3,44,0,0.9,3,0,0,
05OE009,2020,0,Q,40,Great Plains,S,,32,3,47,0,0.9,10,0,0,
05OE010,2020,0,Q,96,Great Plains,S,,30,4,97,0,1.1,2,0,0,
05OF009,2020,0,Q,64,Great Plains,S,,39,4,97,0,1,35,0,0,
05OF011,2020,0,Q,42,Great Plains,S,,34,4,99,0,1.1,42,1,0,
05OF014,2020,1,Q,45,Great Plains,S,,53,3,99,0,0.97,23,11,0.002,
05OF017,2020,1,Q,72,Great Plains,S,,50,3,100,0,0.8,23,0,0,
05OF018,2020,0,Q,37,Great Plains,S,,34,3,97,0,0.75,2,0,0,
05OF020,2020,0,Q,34,Great Plains,S,,31,4,98,0.03,1.1,42,8,0.058,
05OH007,2020,0,Q,85,Northern Forests,S,,40,3,23,0,0.68,62,0,0,
05OJ008,2020,0,Q,54,Northern Forests,S,,52,4,49,0.062,1,50,0,0,
05OJ016,2020,0,Q,81,Northern Forests,S,,41,4,73,0.27,1.2,3,0,0,
05OJ017,2020,0,Q,34,Great Plains,S,,34,4,95,0.9,1.3,38,0,0,
05PB014,2020,1,Q,260,Northern Forests,C,92,5,1,0,0,0.36,1,1,0,
05PB018,2020,0,Q,270,Northern Forests,C,32,,1,0,0,0.49,1,0,0,
05PH003,2020,1,Q,130,Northern Forests,C,60,14,1,2.9,0,0.19,1,0,0,
05QA004,2020,0,Q,280,Northern Forests,C,55,,2,0.016,0.016,0.34,1,2,4.4,
05QE008,2020,1,Q,230,Northern Forests,C,47,,1,0,0,0.24,1,0,0,
05QE009,2020,0,Q,200,Northern Forests,C,53,1,1,0,0,0.11,1,3,0,
05QE012,2020,0,Q,210,Northern Forests,C,37,,1,0,0,0.077,1,9,0.001,
05RA001,2020,1,Q,150,Northern Forests,C,44,3,1,0,0,0.039,1,0,0,
05RB003,2020,0,Q,190,Northern Forests,C,39,1,1,0,0,0.001,1,8,0.014,
05RC001,2020,0,Q,270,Northern Forests,C,27,,1,0,0,0.004,1,0,0,
05RE002,2020,0,H,,Northern Forests,C,32,,1,0,0,0.01,,1,0,
05SA002,2020,1,Q,71,Northern Forests,C,36,37,1,8.4,0.0013,0.33,23,2,0,
05SC002,2020,0,Q,47,Northern Forests,S,,45,3,49,0,0.8,35,3,0,
05SD003,2020,0,Q,34,Northern Forests,C,35,7,3,23,0,0.51,23,1,0,
05TD001,2020,1,Q,130,Northern Forests,C,51,,1,0.014,0.014,0.04,1,3,0.061,
05TE002,2020,0,Q,130,Northern Forests,C,30,,1,0,0,0,1,0,0,
05TF002,2020,0,Q,160,Northern Forests,C,27,2,1,0,0,0.02,1,0,0,
05TG002,2020,1,Q,180,Northern Forests,C,37,3,1,0,0,0.022,1,0,0,
05TG003,2020,1,Q,180,Northern Forests,C,36,,1,0,0,0.009,1,0,0,
05TG006,2020,0,Q,180,Northern Forests,C,22,1,1,0,0,0.016,1,0,0,
05UA003,2020,0,Q,130,Northern Forests,C,35,2,1,0,0,0.01,1,0,0,
05UF004,2020,1,Q,210,Northern Forests,C,45,1,1,0.1,0.1,0.012,2,0,0,
05UG001,2020,0,Q,200,Taiga,C,40,2,1,0.013,0.013,0,1,0,0,
05UH001,2020,1,Q,230,Hudson Plains,C,27,,1,0,0,0.01,1,0,0,
05UH002,2020,1,Q,230,Taiga,C,32,1,1,0,0,0,1,0,0,
06AA001,2020,0,Q,19,Northern Forests,S,,49,1,7.2,0,0.46,23,2,0,
06AB001,2020,0,Q,67,Northern Forests,S,,47,1,0.062,0.046,0.035,1,0,0,
06AB002,2020,1,Q,45,Northern Forests,C,24,20,1,0.29,0.29,0.12,1,0,0,
06AD001,2020,0,Q,30,Northern Forests,C,24,37,1,9.4,0.08,0.38,23,9,0,
06AD006,2020,1,Q,39,Northern Forests,C,61,,1,9.8,0.11,0.39,23,3,0,
06AD008,2020,0,Q,44,Northern Forests,S,,38,3,25,0,0.64,2,0,0,
06AD010,2020,0,Q,22,Northern Forests,S,17,29,1,4.8,0.061,0.23,23,2,0,
06AD011,2020,0,Q,48,Northern Forests,S,,39,1,0.0049,0,0.091,1,0,0,
06AF001,2020,0,Q,76,Northern Forests,C,30,2,1,0.041,0.037,0.046,2,0,0,
06AG001,2020,0,Q,32,Northern Forests,C,25,20,1,8.1,0.048,0.29,2,17,0.076,
06AG002,2020,1,Q,38,Northern Forests,C,42,,1,0,0,0.059,1,0,0,
06BA002,2020,0,Q,120,Northern Forests,C,43,,1,0,0,0.005,1,0,0,
06BB003,2020,0,Q,53,Northern Forests,C,32,,1,4.6,0.032,0,2,17,0.043,
06BB005,2020,0,Q,72,Northern Forests,C,42,,1,0,0,0.067,1,0,0,
06BD001,2020,1,Q,160,Northern Forests,C,46,,1,0,0,0.023,1,1,0,
06CD002,2020,1,Q,75,Northern Forests,C,53,,1,3.1,0.021,0,2,22,0.083,
06DA001,2020,1,H,,Northern Forests,C,42,,1,0.0054,0.0054,0.01,,0,0,
06DA002,2020,0,Q,180,Northern Forests,C,32,3,1,0.0032,0.0032,0.011,1,0,0,
06DA004,2020,1,Q,180,Northern Forests,C,50,,1,0.012,0.012,0.007,1,0,0,
06DA005,2020,0,Q,180,Northern Forests,C,40,,1,0.03,0.03,0.016,1,0,0,
06DC001,2020,0,Q,180,Northern Forests,C,40,1,1,0,0,0.01,1,0,0,
06FA001,2020,0,Q,200,Northern Forests,C,30,,1,0,0,0,1,0,0,
06FB002,2020,1,Q,220,Taiga,C,41,,1,0,0,0,1,0,0,
06FC001,2020,0,Q,200,Northern Forests,C,34,,1,0,0,0,1,0,0,
06FD002,2020,0,Q,260,Taiga,C,24,1,1,0,0,0,1,1,0,
06GD001,2020,1,Q,240,Taiga,C,47,,1,0,0,0.006,1,0,0,
06HB002,2020,0,Q,250,Taiga,C,31,6,1,0,0,0,1,0,0,
06JB001,2020,1,Q,170,Taiga,C,20,1,1,0,0,0,1,0,0,
06JC002,2020,0,Q,150,Taiga,C,38,4,1,0,0,0,1,0,0,
06KC003,2020,1,Q,170,Taiga,C,27,1,1,0,0,0,1,0,0,
06LA001,2020,1,Q,200,Taiga,C,40,3,1,0,0,0,1,0,0,
06LC001,2020,1,Q,200,Taiga,C,43,5,1,0,0,0,1,0,0,
06MA006,2020,0,Q,190,Taiga,C,29,2,1,0,0,0,1,0,0,
07AA001,2020,1,Q,530,Northwest Forested Mountains,C,46,3,1,0,0,0.044,1,0,0,
07AA002,2020,1,Q,710,Northwest Forested Mountains,C,60,4,1,0.032,0.032,0.072,2,2,0.009,
07AA007,2020,1,Q,1400,Northwest Forested Mountains,S,,37,1,0,0,0,1,0,0,
07AC001,2020,0,Q,240,Northwest Forested Mountains,S,,50,1,0,0,0.038,1,0,0,
07AC007,2020,0,Q,200,Northern Forests,S,,24,1,0,0,0.22,1,0,0,
07AC008,2020,0,Q,330,Northwest Forested Mountains,S,,30,1,0,0,0,1,0,0,
07AD002,2020,0,Q,560,Northwest Forested Mountains,C,54,1,2,0.047,0.047,0.066,2,2,0.004,40 Mile
07AF002,2020,0,Q,240,Northern Forests,C,62,,1,0,0,0.33,1,2,0.003,
07AF003,2020,0,Q,300,Northwest Forested Mountains,S,,45,1,0,0,0.23,1,0,0,
07AF010,2020,1,Q,140,Northern Forests,S,,44,1,0,0,0.4,1,0,0,
07AF013,2020,0,Q,390,Northwest Forested Mountains,S,,32,1,0,0,0.15,1,1,0.021,
07AF014,2020,0,Q,170,Northern Forests,S,,31,1,0,0,0.35,1,0,0,
07AF015,2020,0,Q,250,Northwest Forested Mountains,S,,31,1,0,0,0.28,1,1,0.002,
07AG003,2020,1,Q,150,Northern Forests,C,57,2,1,0,0,0.4,1,0,0,
07AG004,2020,0,Q,160,Northern Forests,S,1,45,1,0.83,0.11,0.42,23,7,0.001,
07AG007,2020,0,Q,180,Northern Forests,C,30,1,1,0.17,0.13,0.41,23,2,0.001,
07AG008,2020,0,Q,170,Northern Forests,S,,29,1,0,0,0.12,1,0,0,
07AH001,2020,0,Q,170,Northern Forests,S,,49,2,0.61,0.3,0.53,2,3,0.21,
07AH002,2020,1,Q,79,Northern Forests,S,,44,1,0,0,0.34,1,0,0,
07AH003,2020,0,Q,160,Northern Forests,S,,43,1,0,0,0.34,1,0,0,
07BA002,2020,0,Q,130,Northern Forests,S,,43,1,0,0,0.48,1,0,0,
07BB002,2020,1,Q,140,Northern Forests,C,69,1,1,0.2,0.048,0.54,1,0,0,
07BB005,2020,0,Q,80,Northern Forests,S,,53,3,26,0,0.85,23,0,0,
07BB011,2020,0,Q,86,Northern Forests,S,,35,1,8.3,0,0.34,2,0,0,
07BB014,2020,0,Q,34,Northern Forests,S,,35,4,22,0,1.3,23,0,0,
07BC006,2020,0,Q,19,Northern Forests,S,,43,3,48,0,0.62,2,1,0,
07BC007,2020,0,Q,20,Northern Forests,S,,35,4,96,0.87,1.1,19,1,0.001,
07BE003,2020,1,Q,46,Northern Forests,S,,33,1,1.3,0,0.25,2,0,0,
07BE004,2020,0,Q,21,Northern Forests,S,,33,3,17,0,0.71,2,0,0,
07BF001,2020,0,Q,160,Northern Forests,S,,67,1,1.1,0,0.12,1,0,0,
07BF002,2020,0,Q,120,Northern Forests,C,44,22,1,1.3,0.081,0.11,2,0,0,
07BF009,2020,0,Q,40,Northern Forests,S,,30,1,0,0,0.17,1,0,0,
07BG004,2020,1,Q,170,Northern Forests,S,,29,1,0,0,0.094,1,0,0,
07BJ001,2020,1,Q,220,Northern Forests,C,46,10,1,0.01,0,0.45,1,2,0.049,
07BJ003,2020,0,Q,320,Northern Forests,S,,45,1,0,0,0.34,1,0,0,
07BJ006,2020,0,H,,Northern Forests,C,33,,1,3.9,0.051,0.23,,5,0.076,
07BK001,2020,0,Q,92,Northern Forests,C,47,6,1,4,0.044,0.23,2,5,0.076,
07BK005,2020,0,Q,110,Northern Forests,S,,45,1,0,0,0.075,1,0,0,
07BK007,2020,0,Q,99,Northern Forests,C,44,3,2,0,0,0.14,1,1,1.7,
07BK009,2020,0,Q,240,Northern Forests,S,,38,1,0.026,0.026,0.018,23,0,0,
07CA003,2020,0,Q,29,Northern Forests,S,,42,1,8.9,0,0.54,2,0,0,
07CA005,2020,0,Q,24,Northern Forests,S,,47,3,25,0.025,0.58,23,2,0,
07CA006,2020,0,Q,91,Northern Forests,C,25,19,1,1.6,0,0.13,1,0,0,
07CA008,2020,0,Q,14,Northern Forests,S,,38,1,6.8,0,0.36,23,0,0,
07CA012,2020,0,Q,110,Northern Forests,S,,33,1,0,0,0.085,1,0,0,
07CA013,2020,0,Q,60,Northern Forests,S,,32,1,0,0,0.1,1,2,0,
07CB002,2020,0,Q,130,Northern Forests,S,,34,1,0,0,0.039,1,0,0,
07CD001,2020,1,Q,120,Northern Forests,C,58,,1,0.0082,0.0082,0.035,1,0,0,
07CD004,2020,0,Q,130,Northern Forests,S,20,27,1,0.3,0.3,0.15,23,0,0,
07CD005,2020,0,Q,140,Northern Forests,C,24,21,1,0,0,0.01,1,0,0,
07CE002,2020,0,Q,100,Northern Forests,S,4,30,1,0,0,0.071,1,0,0,
07CE003,2020,0,Q,100,Northern Forests,S,,32,1,0,0,0.026,1,0,0,
07DA006,2020,0,Q,120,Northern Forests,S,17,25,1,0,0,0,1,0,0,
07DA008,2020,0,Q,82,Northern Forests,S,17,25,1,0,0,0.073,1,0,0,
07DA018,2020,0,Q,99,Northern Forests,S,15,26,1,0,0,0,1,0,0,
07DB001,2020,0,Q,76,Northern Forests,S,18,25,1,0,0,0.004,1,0,0,
07DC001,2020,0,Q,140,Northern Forests,S,16,25,1,0,0,0.006,1,0,0,
07DD002,2020,1,Q,180,Northern Forests,S,16,31,1,0,0,0.018,1,0,0,
07EA004,2020,0,Q,440,Northwest Forested Mountains,C,37,,1,0,0,0.001,1,0,0,
07EA005,2020,0,Q,530,Northwest Forested Mountains,C,36,,1,0,0,0.003,1,1,0,
07EA007,2020,0,Q,570,Northwest Forested Mountains,C,32,,1,0,0,0,1,0,0,
07EB002,2020,0,Q,580,Northwest Forested Mountains,C,35,,1,0,0,0,1,0,0,
07EC002,2020,1,Q,530,Northwest Forested Mountains,C,41,,2,0,0,0.009,1,2,0.32,
07EC003,2020,0,Q,490,Northwest Forested Mountains,C,41,,1,0,0,0,1,0,0,
07EC004,2020,0,Q,580,Northwest Forested Mountains,C,35,,1,0,0,0,1,0,0,
07ED003,2020,0,Q,390,Northwest Forested Mountains,C,34,,1,0,0,0.028,1,4,0,
07EE007,2020,1,Q,950,Northwest Forested Mountains,C,47,,1,0,0,0.005,1,0,0,
07EE009,2020,1,Q,520,Northwest Forested Mountains,C,38,3,1,0,0,0.14,1,0,0,
07EE010,2020,0,Q,370,Northwest Forested Mountains,C,35,,1,0,0,0.098,1,0,0,
07FA003,2020,0,Q,290,Northwest Forested Mountains,C,20,,1,0,0,0.001,1,0,0,
07FA005,2020,0,Q,350,Northwest Forested Mountains,C,31,,1,0,0,0.001,1,0,0,
07FA006,2020,0,Q,240,Northwest Forested Mountains,C,31,,1,0.0065,0,0.023,1,0,0,
07FB001,2020,1,Q,490,Northwest Forested Mountains,C,52,2,1,0.094,0.061,0.07,2,5,0,
07FB002,2020,0,Q,480,Northwest Forested Mountains,C,37,,1,0.043,0.043,0.043,1,3,0,
07FB003,2020,0,Q,670,Northwest Forested Mountains,C,37,,1,0,0,0.015,1,1,0,
07FB004,2020,1,Q,230,Northwest Forested Mountains,C,35,,1,0,0,0,1,0,0,
07FB006,2020,0,Q,760,Northwest Forested Mountains,C,36,,1,0,0,0.004,1,1,0,
07FB008,2020,1,Q,240,Northwest Forested Mountains,C,34,,1,0,0,0.078,2,1,0,
07FB009,2020,0,Q,260,Northwest Forested Mountains,C,30,,1,0,0,0.064,1,0,0,
07FC001,2020,0,Q,110,Northern Forests,C,49,1,1,2.8,0.022,0.089,2,3,0.002,
07FC003,2020,1,Q,95,Northern Forests,C,47,,1,0.037,0.037,0.072,1,0,0,
07FD001,2020,0,Q,91,Northern Forests,C,53,3,1,1.7,0,0.16,1,0,0,
07FD006,2020,0,Q,60,Northern Forests,S,,48,3,23,0,0.54,1,0,0,
07FD007,2020,0,Q,75,Northern Forests,C,38,1,3,11,0.22,0.56,57,1,0,
07FD009,2020,0,Q,55,Northern Forests,S,,42,3,21,0.012,0.34,1,0,0,
07FD011,2020,1,Q,41,Northern Forests,S,,40,1,0,0,0.13,1,0,0,
07FD012,2020,0,Q,43,Northern Forests,S,,39,3,17,0,0.36,1,2,0,
07FD013,2020,0,Q,32,Northern Forests,S,,40,3,48,0,0.55,2,0,0,
07GA001,2020,0,Q,640,Northwest Forested Mountains,S,17,30,1,0.077,0.077,0.021,2,0,0,
07GA002,2020,0,Q,270,Northwest Forested Mountains,S,15,27,1,0,0,0.17,1,0,0,
07GB003,2020,0,Q,340,Northwest Forested Mountains,S,,21,1,0,0,0.1,1,0,0,
07GC002,2020,0,Q,110,Northern Forests,S,,26,1,0,0,0.36,1,0,0,
07GD001,2020,0,Q,46,Northern Forests,S,7,40,3,26,0.0019,0.65,23,0,0,
07GD004,2020,0,Q,140,Northern Forests,C,23,,1,2.5,0,0.15,1,0,0,
07GE001,2020,0,Q,270,Northern Forests,C,54,,1,9.4,0.0032,0.28,2,0,0,
07GE003,2020,0,Q,64,Northern Forests,S,,46,3,35,0,0.69,23,0,0,
07GE007,2020,0,Q,40,Northern Forests,S,,32,4,60,0,1,2,0,0,
07GF001,2020,0,Q,170,Northern Forests,S,16,30,1,7.2,0,0.21,1,0,0,
07GG001,2020,1,Q,140,Northern Forests,C,44,3,1,0,0,0.2,1,0,0,
07GG002,2020,0,Q,180,Northern Forests,S,,46,1,0.057,0.057,0.29,1,0,0,
07GG003,2020,0,Q,150,Northern Forests,S,,47,1,0.2,0.2,0.29,2,0,0,
07GH002,2020,0,Q,130,Northern Forests,C,54,,1,5.4,0.061,0.32,2,1,0,
07GH004,2020,0,Q,26,Northern Forests,S,,31,3,70,0.13,0.7,35,1,0,
07GJ001,2020,0,Q,210,Northern Forests,C,65,3,3,12,0.069,0,23,9,0,
07HA003,2020,0,Q,47,Northern Forests,C,44,8,3,22,0,0.3,1,0,0,
07HA005,2020,0,Q,79,Northern Forests,S,15,30,1,4.1,0,0.18,1,0,0,
07HB001,2020,0,Q,28,Northern Forests,S,,31,1,0.12,0.12,0.16,2,1,0,
07HC001,2020,0,Q,88,Northern Forests,C,53,1,1,0.36,0.02,0.019,1,0,0,
07HC002,2020,0,Q,32,Northern Forests,S,,32,3,32,0,0.48,2,0,0,
07HF002,2020,0,Q,96,Northern Forests,S,7,37,1,6.9,0,0.099,1,2,0,
07JA003,2020,0,Q,120,Northern Forests,S,,31,1,0,0,0.097,1,0,0,
07JC001,2020,1,Q,48,Northern Forests,S,,41,1,0,0,0,1,0,0,
07JC002,2020,0,Q,60,Northern Forests,S,,28,1,0.026,0.026,0.092,1,0,0,
07JD002,2020,0,Q,70,Northern Forests,C,44,2,1,0.028,0.028,0.097,1,0,0,
07JD003,2020,0,Q,81,Northern Forests,S,,43,1,0,0,0.071,2,0,0,
07JF002,2020,1,Q,14,Northern Forests,S,,54,1,6.5,0,0.13,2,2,0,
07JF003,2020,0,Q,130,Taiga,S,,51,1,0.87,0,0.01,1,0,0,
07KE001,2020,1,Q,100,Northern Forests,S,19,30,1,0,0,0,1,0,0,
07LB002,2020,0,Q,210,Northern Forests,C,41,1,1,0,0,0.007,1,0,0,
07LE002,2020,1,Q,180,Northern Forests,C,50,1,1,0,0,0,1,1,0,
07MA003,2020,0,Q,180,Northern Forests,C,40,,1,0,0,0.034,1,0,0,
07MB001,2020,0,Q,180,Northern Forests,C,49,1,1,0,0,0,1,0,0,
07OA001,2020,1,Q,60,Taiga,S,,46,1,0,0,0.011,1,0,0,
07OB001,2020,1,Q,67,Taiga,C,53,1,2,0.002,0.0017,0,1,1,0,Hutch Lake
07OB003,2020,1,Q,66,Taiga,S,,42,2,0.0028,0.0023,0.061,1,1,0,Hutch Lake
07OB004,2020,0,Q,70,Taiga,S,,42,1,0,0,0.014,1,0,0,
07OB006,2020,0,Q,66,Taiga,S,,39,1,0,0,0.002,1,0,0,
07OC001,2020,0,Q,85,Northern Forests,C,45,2,1,0.011,0.0087,0.02,1,0,0,
07QD002,2020,0,H,,Taiga,C,40,,1,0,0,0,,0,0,
07RD001,2020,1,Q,140,Taiga,C,52,1,1,0,0,0.008,1,0,0,
07SA002,2020,0,Q,130,Taiga,C,33,1,1,0,0,0.001,1,0,0,
07SA004,2020,0,Q,130,Taiga,C,38,,1,0,0,0,1,0,0,
07SB010,2020,1,Q,51,Taiga,C,40,,1,0,0,0.037,1,1,0,
07SB013,2020,1,Q,56,Taiga,C,31,,1,0,0,0.01,1,0,0,
07SB017,2020,0,H,,Taiga,C,20,,1,0,0,0.04,,1,0,
07SC002,2020,0,Q,100,Taiga,C,21,1,1,0,0,0,1,0,0,
07TA001,2020,0,Q,79,Taiga,C,40,,1,0,0,0.002,1,0,0,
08AA007,2020,0,H,,Northwest Forested Mountains,C,23,,1,0,0,0,,0,0,
08AA008,2020,0,Q,140,Northwest Forested Mountains,C,33,,1,0,0,0,1,0,0,
08AA009,2020,1,Q,100,Northwest Forested Mountains,C,35,,1,0,0,0.04,1,0,0,
08AC001,2020,1,Q,360,Northwest Forested Mountains,C,31,,1,0,0,0,1,0,0,
08AC002,2020,0,Q,530,Northwest Forested Mountains,C,26,,1,0,0,0.046,1,0,0,
08BB005,2020,1,Q,730,Northwest Forested Mountains,C,26,3,1,0,0,0,1,0,0,
08CD001,2020,1,Q,330,Northwest Forested Mountains,C,50,,1,0,0,0.002,1,0,0,
08CE001,2020,0,Q,440,Northwest Forested Mountains,C,52,7,1,0,0,0.007,1,0,0,
08CF003,2020,0,Q,980,Northwest Forested Mountains,C,31,2,1,0,0,0,1,0,0,
08CG001,2020,1,Q,1500,Northwest Forested Mountains,C,52,3,1,0,0,0,1,0,0,
08DA005,2020,1,Q,2300,Marine West Coast Forests,C,48,1,1,0,0,0,1,0,0,
08DB001,2020,1,Q,1300,Marine West Coast Forests,C,62,10,1,0,0,0.022,1,0,0,
08DB013,2020,1,Q,1200,Marine West Coast Forests,C,20,,1,0,0,0,1,0,0,
08DB014,2020,0,Q,1000,Marine West Coast Forests,C,20,,1,0,0,0,1,0,0,
08EB004,2020,1,Q,750,Marine West Coast Forests,C,50,1,1,0,0,0.088,1,0,0,
08EB005,2020,0,Q,920,Northwest Forested Mountains,C,33,,1,0,0,0,1,0,0,
08ED001,2020,1,Q,1200,Northwest Forested Mountains,C,44,3,1,0,0,0,1,0,0,
08ED002,2020,0,Q,1200,Northwest Forested Mountains,C,55,,1,0,0,0.01,1,0,0,
08EE003,2020,0,Q,180,Northwest Forested Mountains,S,7,24,1,0.14,0.14,0.17,23,6,0.003,
08EE004,2020,0,Q,580,Northwest Forested Mountains,C,70,11,1,0.046,0.046,0.093,2,6,0.001,
08EE008,2020,1,Q,440,Northwest Forested Mountains,C,53,,1,0,0,0.049,1,0,0,
08EE012,2020,1,Q,590,Northwest Forested Mountains,C,40,2,1,0,0,0.34,8,0,0,
08EE013,2020,0,Q,250,Northwest Forested Mountains,C,42,,1,0.042,0.042,0.12,2,2,0,
08EE020,2020,0,Q,1200,Northwest Forested Mountains,C,41,,1,0,0,0.004,1,0,0,
08EE025,2020,1,Q,180,Northwest Forested Mountains,C,34,,1,0,0,0,1,0,0,
08EF001,2020,0,Q,680,Northwest Forested Mountains,C,76,7,2,0.018,0.018,0.06,2,13,0.047,Fulton River
08EF005,2020,0,Q,1200,Marine West Coast Forests,C,53,,1,0,0,0.014,1,0,0,
08EG012,2020,1,Q,3700,Marine West Coast Forests,C,52,1,1,0,0,0,1,0,0,
08FA002,2020,0,Q,2600,Marine West Coast Forests,C,57,3,1,0,0,0,1,0,0,
08FB004,2020,0,Q,1800,Marine West Coast Forests,C,41,3,1,0,0,0,2,0,0,
08FB006,2020,1,Q,340,Northwest Forested Mountains,C,40,5,1,0,0,0.02,1,0,0,
08FC003,2020,0,Q,140,Northwest Forested Mountains,C,44,3,1,0,0,0.069,1,0,0,
08FE003,2020,1,Q,2600,Marine West Coast Forests,C,45,,1,0,0,0,1,0,0,
08FF001,2020,0,Q,2100,Marine West Coast Forests,C,50,,1,0,0,0.036,23,0,0,
08FF002,2020,0,Q,1900,Marine West Coast Forests,C,50,,1,0,0,0.001,1,0,0,
08FF003,2020,1,Q,3100,Marine West Coast Forests,C,48,2,1,0,0,0,1,0,0,
08FF006,2020,1,Q,4400,Marine West Coast Forests,S,19,1,1,0,0,0,1,0,0,
08GA071,2020,0,Q,2700,Marine West Coast Forests,C,35,,1,0,0,0.02,1,0,0,
08GA072,2020,0,Q,2100,Marine West Coast Forests,C,34,,1,0,0,0.012,2,0,0,
08GA075,2020,0,Q,2700,Marine West Coast Forests,C,21,1,1,0,0,0,2,0,0,
08GA077,2020,0,Q,3300,Marine West Coast Forests,C,23,,1,0,0,0,1,0,0,
08GA079,2020,0,Q,3400,Marine West Coast Forests,C,20,,1,0,0,0,1,0,0,
08GB013,2020,0,Q,3400,Marine West Coast Forests,C,23,1,1,0,0,0,1,0,0,
08GD004,2020,1,Q,1500,Marine West Coast Forests,C,49,7,1,0,0,0.012,1,1,0.001,
08GD008,2020,0,Q,110,Northwest Forested Mountains,C,32,5,1,0,0,0.078,1,1,0.008,
08GE002,2020,0,Q,1600,Marine West Coast Forests,C,38,,1,0,0,0.013,1,0,0,
08HA001,2020,1,Q,1700,Marine West Coast Forests,C,62,1,1,0.051,0.051,0.031,2,1,0.059,
08HA003,2020,1,Q,1400,Marine West Coast Forests,C,58,1,1,0,0,0.32,66,0,0,
08HA010,2020,0,Q,2700,Marine West Coast Forests,C,49,2,1,0,0,0.056,1,0,0,
08HA016,2020,0,Q,730,Marine West Coast Forests,C,50,1,2,5.3,5.3,1.5,22,0,0,
08HA068,2020,1,Q,2300,Marine West Coast Forests,C,20,,1,0,0,0,1,0,0,
08HB014,2020,0,Q,3800,Marine West Coast Forests,C,62,1,1,0,0,0.13,1,0,0,
08HB025,2020,1,Q,1900,Marine West Coast Forests,C,31,1,1,0,0,0.17,2,0,0,
08HB048,2020,0,Q,2500,Marine West Coast Forests,C,44,,1,0,0,0,1,0,0,
08HB074,2020,0,Q,2700,Marine West Coast Forests,C,34,1,1,0,0,0.004,2,0,0,
08HB075,2020,1,Q,1400,Marine West Coast Forests,C,31,,1,0,0,0.55,35,0,0,
08HB086,2020,1,Q,5600,Marine West Coast Forests,C,21,,1,0,0,0,1,0,0,
08HD011,2020,0,Q,1500,Marine West Coast Forests,C,39,3,1,0,0,0.19,2,0,0,
08HD015,2020,0,Q,1600,Marine West Coast Forests,C,34,,1,0,0,0,1,0,0,
08HF004,2020,1,Q,2000,Marine West Coast Forests,C,39,,1,0,0,0.045,1,0,0,
08HF005,2020,0,Q,2400,Marine West Coast Forests,C,26,,1,0,0,0.048,1,0,0,
08HF006,2020,0,Q,3800,Marine West Coast Forests,C,23,1,1,0,0,0.23,1,0,0,
08JA015,2020,0,Q,2100,Marine West Coast Forests,C,40,,1,0,0,0,1,0,0,
08JB002,2020,1,Q,160,Northwest Forested Mountains,C,65,2,1,0,0,0.15,1,7,0,
08JB003,2020,0,Q,150,Northwest Forested Mountains,C,63,1,1,0.035,0.035,0.17,2,7,0,
08JD006,2020,1,Q,760,Northwest Forested Mountains,C,34,,1,0,0,0,1,0,0,
08JE001,2020,1,Q,290,Northwest Forested Mountains,C,72,9,1,0.0081,0.0081,0.024,1,0,0,
08JE004,2020,1,Q,190,Northwest Forested Mountains,C,39,1,1,0,0,0.062,1,0,0,
08KA001,2020,0,Q,1100,Northwest Forested Mountains,C,47,3,1,0,0,0.003,1,0,0,
08KA004,2020,0,Q,810,Northwest Forested Mountains,C,61,1,1,0.012,0.012,0.08,1,0,0,
08KA005,2020,0,Q,900,Northwest Forested Mountains,C,59,4,1,0.018,0.018,0.061,1,0,0,
08KA007,2020,0,Q,840,Northwest Forested Mountains,C,61,1,1,0,0,0.027,1,0,0,
08KA009,2020,1,Q,1000,Northwest Forested Mountains,C,43,,1,0,0,0,1,0,0,
08KB001,2020,0,Q,790,Northwest Forested Mountains,C,64,1,1,0.01,0.01,0.091,1,1,0,
08KB003,2020,1,Q,1400,Northwest Forested Mountains,C,56,,1,0,0,0.035,1,0,0,
08KB006,2020,0,Q,1400,Northwest Forested Mountains,C,34,,1,0,0,0.065,1,0,0,
08KC001,2020,0,Q,220,Northwest Forested Mountains,C,47,5,1,0,0,0.096,1,0,0,
08KD007,2020,0,Q,620,Northwest Forested Mountains,C,39,,1,0,0,0.1,1,0,0,
08KE016,2020,1,Q,100,Northwest Forested Mountains,C,49,,1,0.048,0.048,0.14,23,0,0,
08KE024,2020,0,Q,690,Northwest Forested Mountains,C,42,1,1,0,0,0.01,1,0,0,
08KG001,2020,0,Q,90,Northwest Forested Mountains,C,42,21,1,0,0,0.057,1,1,0,
08KH001,2020,0,Q,680,Northwest Forested Mountains,C,82,5,1,0,0,0.057,1,1,0,
08KH006,2020,0,Q,650,Northwest Forested Mountains,C,71,4,1,0,0,0.078,1,8,0.024,
08KH010,2020,0,Q,780,Northwest Forested Mountains,C,52,3,1,0,0,0.043,1,0,0,
08KH011,2020,0,H,,Northwest Forested Mountains,C,53,,1,0,0,0.06,,1,0,
08KH019,2020,0,Q,200,Northwest Forested Mountains,C,48,2,1,0,0,0.099,1,0,0,
08LA001,2020,1,Q,690,Northwest Forested Mountains,C,75,,1,0.036,0.036,0.11,2,1,0.002,
08LB020,2020,0,Q,400,Northwest Forested Mountains,C,64,1,1,0.09,0.09,0.13,23,0,0,
08LB024,2020,0,Q,170,North American Deserts,C,42,5,1,0,0,0.051,1,1,0,
08LB038,2020,0,Q,1300,Northwest Forested Mountains,C,35,1,1,0,0,0.011,1,0,0,
08LB064,2020,0,Q,690,Northwest Forested Mountains,C,58,,1,0.048,0.048,0.12,2,5,0.005,
08LB069,2020,0,Q,590,Northwest Forested Mountains,C,51,1,1,0,0,0.048,1,0,0,
08LB076,2020,1,Q,760,North American Deserts,C,41,2,1,0,0,0,1,0,0,
08LC040,2020,0,Q,220,North American Deserts,C,37,9,1,0,0,0.18,42,0,0,
08LD001,2020,1,Q,700,Northwest Forested Mountains,C,85,5,2,0,0,0.062,1,1,4.1,
08LD003,2020,0,H,,Northwest Forested Mountains,C,43,,2,0,0,0.06,,1,4.3,
08LE024,2020,0,Q,1300,Northwest Forested Mountains,C,51,6,1,0.0032,0.0032,0.095,1,0,0,
08LE027,2020,0,Q,1400,Northwest Forested Mountains,C,47,3,1,0,0,0.019,1,0,0,
08LE031,2020,0,Q,590,Northwest Forested Mountains,C,87,5,2,0.33,0.17,0.17,35,21,1,Sugar Lake
08LE077,2020,0,Q,490,Northwest Forested Mountains,C,33,3,1,0,0,0,1,0,0,
08LE108,2020,0,Q,210,North American Deserts,C,29,1,1,0,0,0,50,0,0,
08LF023,2020,0,H,,Northwest Forested Mountains,C,68,,2,0.34,0.29,0.2,,33,0.61,
08LF094,2020,0,Q,78,Northwest Forested Mountains,S,,28,1,0,0,0.25,1,0,0,
08LG008,2020,0,Q,420,North American Deserts,C,40,5,1,0,0,0.034,1,0,0,
08LG016,2020,1,Q,260,North American Deserts,C,45,2,1,0,0,0.34,1,0,0,
08LG048,2020,0,Q,680,North American Deserts,C,49,1,1,0,0,0.28,1,0,0,
08LG056,2020,1,Q,59,North American Deserts,C,41,5,1,0,0,0,1,0,0,
08MA001,2020,0,Q,410,Northwest Forested Mountains,C,67,15,1,0.0065,0.0065,0.022,1,1,0.004,
08MA002,2020,1,Q,640,Northwest Forested Mountains,C,58,19,1,0,0,0.01,1,0,0,
08MA003,2020,0,Q,780,Northwest Forested Mountains,C,34,,1,0,0,0,1,0,0,
08MA006,2020,1,Q,250,Northwest Forested Mountains,C,40,,1,0,0,0.004,1,0,0,
08MB005,2020,0,Q,170,Northwest Forested Mountains,C,46,,1,0.056,0.014,0.029,1,8,0.03,
08MB006,2020,1,Q,190,Northwest Forested Mountains,C,41,,1,0,0,0,1,0,0,
08MB007,2020,0,Q,440,Northwest Forested Mountains,C,39,,1,0,0,0,1,0,0,
08ME023,2020,0,Q,2800,Marine West Coast Forests,C,36,,1,0,0,0,1,0,0,
08ME025,2020,0,Q,240,North American Deserts,C,34,,1,0,0,0.001,1,0,0,
08ME027,2020,0,Q,1400,North American Deserts,C,21,,1,0,0,0.059,1,0,0,
08ME028,2020,1,Q,1700,North American Deserts,C,21,,1,0,0,0,1,0,0,
08MF062,2020,1,Q,1200,North American Deserts,C,46,,1,0,0,0.34,1,0,0,
08MF065,2020,1,Q,1600,Marine West Coast Forests,C,37,2,1,0,0,0,1,0,0,
08MF068,2020,0,Q,1300,Northwest Forested Mountains,C,27,,1,0,0,0.22,1,1,0.01,
08MG001,2020,1,Q,3200,Marine West Coast Forests,C,35,3,1,0,0,0.007,1,0,0,
08MG005,2020,1,Q,1900,Marine West Coast Forests,C,89,7,1,0,0,0.056,1,0,0,
08MG013,2020,0,Q,1800,Marine West Coast Forests,C,63,1,1,0.021,0.021,0.077,23,0,0,
08MG020,2020,0,H,,Marine West Coast Forests,C,33,,1,0.039,0.039,0.1,,0,0,
08MG022,2020,0,H,,Marine West Coast Forests,C,29,,1,0.065,0.021,0.09,,0,0,
08MH001,2020,1,Q,1700,Northwest Forested Mountains,C,79,3,1,0.034,0.034,0,71,0,0,
08MH006,2020,1,Q,2500,Marine West Coast Forests,C,57,1,1,0,0,0.12,29,0,0,
08MH016,2020,1,Q,1800,Northwest Forested Mountains,C,84,3,1,0,0,0,71,0,0,
08MH029,2020,0,Q,740,Marine West Coast Forests,C,60,,3,20,0,0,71,0,0,
08MH056,2020,0,Q,2000,Northwest Forested Mountains,C,53,,1,0,0,0,71,0,0,
08MH076,2020,0,Q,1900,Marine West Coast Forests,C,53,1,2,0,0,1.2,64,0,0,
08MH103,2020,0,Q,1700,Northwest Forested Mountains,C,53,,1,0,0,0,71,0,0,
08MH141,2020,0,Q,4000,Marine West Coast Forests,C,34,,1,0,0,0.13,1,0,0,
08MH147,2020,0,Q,3800,Marine West Coast Forests,C,30,1,1,0,0,0,1,0,0,
08NA002,2020,0,Q,510,Northwest Forested Mountains,C,97,13,1,0.11,0.11,0.17,2,2,0,
08NA006,2020,0,Q,700,Northwest Forested Mountains,C,46,7,1,0,0,0.09,1,0,0,
08NB005,2020,1,Q,560,Northwest Forested Mountains,C,70,2,1,0.13,0.13,0.17,23,2,0,
08NB012,2020,0,Q,900,Northwest Forested Mountains,C,44,1,1,0,0,0.071,1,0,0,
08NB014,2020,0,Q,1300,Northwest Forested Mountains,C,44,,1,0,0,0,1,0,0,
08NB016,2020,0,Q,650,Northwest Forested Mountains,C,41,1,1,0,0,0.001,1,0,0,
08NB019,2020,0,Q,1200,Northwest Forested Mountains,C,32,,1,0,0,0.033,1,0,0,
08NC004,2020,1,Q,1500,Northwest Forested Mountains,C,42,,1,0,0,0,1,0,0,
08ND012,2020,0,Q,1300,Northwest Forested Mountains,C,52,,1,0,0,0,1,1,0.022,
08ND013,2020,1,Q,1500,Northwest Forested Mountains,C,53,,1,0,0,0.066,1,0,0,
08NE006,2020,1,Q,1300,Northwest Forested Mountains,C,52,1,1,0,0,0.016,1,0,0,
08NE008,2020,0,Q,900,Northwest Forested Mountains,C,59,3,1,0,0,0.19,1,0,0,
08NE039,2020,0,Q,510,Northwest Forested Mountains,C,67,2,1,0,0,0.13,1,0,0,
08NE074,2020,0,Q,810,Northwest Forested Mountains,C,67,1,1,0.1,0.1,0,23,1,0.014,
08NE077,2020,1,Q,620,Northwest Forested Mountains,C,64,,1,0,0,0.054,1,0,0,
08NE087,2020,0,Q,350,Northwest Forested Mountains,C,56,3,1,0,0,0,1,0,0,
08NE110,2020,0,Q,430,Northwest Forested Mountains,C,39,2,1,0,0,0.14,1,0,0,
08NE114,2020,1,Q,910,Northwest Forested Mountains,C,43,1,1,0,0,0,2,0,0,
08NF001,2020,1,Q,370,Northwest Forested Mountains,C,65,2,1,0,0,0.055,1,0,0,
08NG065,2020,0,Q,480,Northwest Forested Mountains,C,53,,1,0.22,0.22,0.15,35,14,0.003,
08NG076,2020,0,Q,310,Northwest Forested Mountains,C,44,,1,0,0,0,1,0,0,
08NG077,2020,0,Q,1100,Northwest Forested Mountains,C,44,,1,0,0,0.071,1,0,0,
08NH005,2020,1,Q,950,Northwest Forested Mountains,C,56,3,1,0,0,0.067,1,0,0,
08NH006,2020,0,Q,390,Northwest Forested Mountains,C,87,,1,0.057,0.057,0,2,0,0,
08NH007,2020,0,Q,1100,Northwest Forested Mountains,C,65,3,1,0,0,0.058,1,0,0,
08NH016,2020,1,Q,600,Northwest Forested Mountains,C,45,3,1,0,0,0,1,0,0,
08NH032,2020,1,Q,740,Northwest Forested Mountains,C,84,1,1,0,0,0,71,0,0,
08NH084,2020,1,Q,700,Northwest Forested Mountains,C,53,2,1,0,0,0,2,0,0,
08NH115,2020,0,Q,330,Northwest Forested Mountains,C,50,3,1,0,0,0,2,0,0,
08NH119,2020,0,Q,1500,Northwest Forested Mountains,C,53,,1,0,0,0,1,0,0,
08NH120,2020,0,Q,630,Northwest Forested Mountains,C,52,,1,0,0,0.005,1,0,0,
08NH130,2020,1,Q,1000,Northwest Forested Mountains,C,43,1,1,0,0,0,1,0,0,
08NH132,2020,0,Q,1100,Northwest Forested Mountains,C,43,,1,0,0,0,1,0,0,
08NJ013,2020,1,Q,850,Northwest Forested Mountains,C,91,1,1,0.014,0.014,0.09,2,0,0,
08NJ026,2020,0,Q,910,Northwest Forested Mountains,C,21,1,1,0,0,0,42,0,0,
08NJ061,2020,0,Q,1000,Northwest Forested Mountains,C,42,2,1,0,0,0,35,0,0,
08NJ130,2020,1,Q,420,Northwest Forested Mountains,C,50,4,1,0,0,0,2,0,0,
08NJ160,2020,0,Q,830,Northwest Forested Mountains,C,43,1,1,0,0,0,2,0,0,
08NK026,2020,0,Q,570,Northwest Forested Mountains,C,33,1,1,0,0,0,1,0,0,
08NL004,2020,1,Q,240,Northwest Forested Mountains,C,68,3,1,0,0,0,71,0,0,
08NL007,2020,1,Q,410,Northwest Forested Mountains,C,73,3,1,0.092,0.092,0,71,2,0.031,
08NL024,2020,0,Q,380,North American Deserts,C,64,,1,0.079,0.079,0.12,2,0,0,
08NL038,2020,1,Q,270,North American Deserts,C,50,1,1,0.085,0.085,0,2,7,0.018,
08NL050,2020,0,Q,200,North American Deserts,C,43,,1,0,0,0.01,1,0,0,
08NL069,2020,0,Q,450,Northwest Forested Mountains,C,41,,1,0,0,0,71,0,0,
08NL070,2020,1,Q,600,Northwest Forested Mountains,C,40,2,2,0,0,0,71,1,0.13,
08NL071,2020,0,Q,800,Northwest Forested Mountains,C,42,1,1,0,0,0,1,0,0,
08NM134,2020,0,Q,130,North American Deserts,C,49,2,1,0,0,0,1,0,0,
08NM142,2020,0,Q,130,North American Deserts,C,46,1,1,0,0,0.004,23,0,0,
08NM171,2020,0,Q,240,North American Deserts,C,45,,1,0,0,0,2,0,0,
08NM173,2020,0,Q,56,North American Deserts,C,45,,1,0,0,0.34,1,0,0,
08NM174,2020,1,Q,180,North American Deserts,C,42,,1,0,0,0,35,0,0,
08NM240,2020,1,Q,400,North American Deserts,C,33,,1,0,0,0,1,0,0,
08NM241,2020,0,Q,370,North American Deserts,C,32,,1,0,0,0,1,0,0,
08NM242,2020,1,Q,960,North American Deserts,C,32,,1,0,0,0,2,0,0,
08NN002,2020,0,Q,470,Northwest Forested Mountains,C,52,3,1,0.002,0.002,0.075,2,0,0,
08NN012,2020,0,Q,260,Northwest Forested Mountains,C,87,,1,0.12,0.12,0,71,5,0.003,
08NN013,2020,0,Q,240,North American Deserts,C,88,,1,0.076,0.072,0,2,3,0.003,
08NN015,2020,1,Q,470,North American Deserts,C,50,,1,0,0,0.17,1,0,0,
08NN019,2020,0,Q,310,North American Deserts,C,51,,1,0,0,0.26,2,1,0.041,
08NN023,2020,0,Q,610,Northwest Forested Mountains,C,42,,1,0,0,0,1,0,0,
08NP001,2020,0,Q,730,Northwest Forested Mountains,C,55,23,1,0,0,0,1,4,0,
08NP004,2020,0,Q,670,Northwest Forested Mountains,C,39,,1,0,0,0.17,1,0,0,
08OA002,2020,1,Q,2100,Marine West Coast Forests,C,50,3,1,0,0,0.1,1,0,0,
08OA003,2020,1,Q,1800,Marine West Coast Forests,C,38,1,1,0,0,0,8,0,0,
08OA004,2020,1,Q,650,Marine West Coast Forests,S,,21,1,0,0,0.18,2,0,0,
08OA005,2020,1,Q,1100,Marine West Coast Forests,S,3,19,1,0,0,0.018,2,0,0,
08OB002,2020,1,Q,3600,Marine West Coast Forests,C,40,2,1,0,0,0.091,1,0,0,
09AA004,2020,0,H,,Northwest Forested Mountains,C,37,,1,0,0,0.02,,0,0,
09AA012,2020,1,Q,290,Northwest Forested Mountains,C,46,1,1,0,0,0.011,1,0,0,
09AA013,2020,0,Q,510,Northwest Forested Mountains,C,49,1,1,0,0,0.051,1,0,0,
09AC001,2020,1,Q,280,Northwest Forested Mountains,C,65,1,2,0,0,0.019,1,4,0.2,
09AC007,2020,0,Q,100,Northwest Forested Mountains,C,25,,2,0,0,0.033,1,4,2.2,
09AE002,2020,0,H,,Northwest Forested Mountains,C,29,,1,0.0012,0.0012,0.01,,1,0,
09AE003,2020,1,Q,440,Northwest Forested Mountains,C,54,2,1,0,0,0.019,1,0,0,
09AE006,2020,0,Q,370,Northwest Forested Mountains,C,22,,1,0,0,0.01,1,0,0,
09AG001,2020,0,Q,310,Northwest Forested Mountains,C,33,4,1,0,0,0.004,1,0,0,
09AH003,2020,0,Q,140,Northwest Forested Mountains,C,39,,1,0,0,0.018,1,0,0,
09AH004,2020,1,Q,74,Northwest Forested Mountains,C,34,1,1,0,0,0.023,1,0,0,
09BA001,2020,0,Q,290,Northwest Forested Mountains,C,53,1,1,0,0,0.018,1,0,0,
09BB001,2020,1,Q,640,Taiga,C,23,,1,0,0,0.063,1,0,0,
09BC001,2020,1,Q,250,Northwest Forested Mountains,C,61,2,1,0.0013,0.0013,0.014,1,0,0,
09BC004,2020,0,Q,290,Northwest Forested Mountains,C,44,,1,0,0,0.023,1,0,0,
09CA004,2020,0,Q,400,Northwest Forested Mountains,C,33,,1,0,0,0,1,0,0,
09CA006,2020,0,Q,150,Northwest Forested Mountains,C,20,,1,0,0,0.004,1,0,0,
09CB001,2020,1,Q,590,Northwest Forested Mountains,C,37,,1,0,0,0,71,0,0,
09CD001,2020,0,Q,260,Northwest Forested Mountains,C,54,4,1,0.0024,0.0024,0,1,15,0.01,
09DB001,2020,0,Q,390,Taiga,C,20,,1,0,0,0,1,0,0,
09DD003,2020,0,Q,300,Northwest Forested Mountains,C,52,,2,0,0,0,1,2,0,Mayo
09DD004,2020,0,Q,260,Northwest Forested Mountains,C,37,,1,0,0,0.027,1,0,0,
09EA003,2020,0,Q,270,Northwest Forested Mountains,C,50,1,1,0,0,0.034,1,13,0,
09EA004,2020,1,Q,380,Taiga,C,41,1,1,0,0,0.068,1,2,0,
09EB003,2020,1,Q,94,Northwest Forested Mountains,C,32,,1,0,0,0.062,1,6,0,
09ED001,2020,0,Q,270,Northwest Forested Mountains,C,30,3,2,0.0012,0.0012,0,1,41,0.005,Mayo
09FB002,2020,0,Q,200,Taiga,C,20,,1,0,0,0.038,1,0,0,
09FC001,2020,1,Q,120,Taiga,C,34,,1,0,0,0,71,0,0,
09FD002,2020,0,Q,190,Taiga,C,30,,1,0,0,0,1,0,0,
10AA001,2020,0,Q,360,Northwest Forested Mountains,C,56,1,1,0.0031,0.0031,0.017,1,0,0,
10AA004,2020,0,Q,330,Northwest Forested Mountains,C,30,,1,0,0,0.026,1,0,0,
10AA005,2020,0,Q,240,Northwest Forested Mountains,C,27,,1,0,0,0.02,1,0,0,
10AB001,2020,1,Q,400,Northwest Forested Mountains,C,51,2,1,0,0,0.017,1,0,0,
10AC005,2020,1,Q,670,Northwest Forested Mountains,C,53,,1,0,0,0,1,0,0,
10BE001,2020,1,Q,350,Northwest Forested Mountains,C,60,8,1,0.0014,0.0014,0,1,2,0,
10BE004,2020,1,Q,540,Northwest Forested Mountains,C,53,2,1,0,0,0.012,1,0,0,
10BE007,2020,1,Q,440,Northwest Forested Mountains,C,45,,1,0,0,0.057,1,0,0,
10BE009,2020,1,Q,170,Northwest Forested Mountains,C,36,,1,0,0,0,1,0,0,
10BE013,2020,0,Q,240,Northwest Forested Mountains,C,32,,1,0,0,0,1,0,0,
10CA001,2020,0,Q,130,Northern Forests,C,23,1,1,0,0,0,1,0,0,
10CB001,2020,1,Q,370,Northwest Forested Mountains,C,56,10,1,0,0,0.013,1,0,0,
10CD001,2020,1,Q,330,Taiga,C,56,11,1,0.0069,0.0069,0.021,1,0,0,
10CD003,2020,0,Q,140,Taiga,C,34,1,1,0,0,0.035,1,0,0,
10CD004,2020,1,Q,240,Taiga,C,31,,1,0,0,0.039,1,0,0,
10CD005,2020,1,Q,240,Taiga,C,31,1,1,0,0,0.017,1,0,0,
10EA003,2020,0,Q,350,Taiga,C,44,1,1,0,0,0,1,0,0,
10EB001,2020,1,Q,500,Taiga,C,46,2,1,0,0,0,1,0,0,
10ED001,2020,0,Q,280,Northwest Forested Mountains,C,50,16,1,0.0027,0.0027,0,1,3,0,
10ED002,2020,1,Q,290,Taiga,C,44,1,1,0.0022,0.0022,0,1,3,0,
10ED003,2020,1,Q,160,Taiga,C,42,,1,0,0,0.008,1,0,0,
10ED007,2020,1,Q,240,Taiga,C,25,,1,0,0,0.001,1,0,0,
10ED009,2020,0,Q,110,Taiga,C,22,,1,0,0,0.01,1,0,0,
10FA002,2020,1,Q,140,Taiga,C,47,,1,0,0,0.016,1,0,0,
10FB005,2020,1,Q,130,Taiga,C,43,,1,0,0,0.017,1,0,0,
10GA001,2020,1,Q,320,Taiga,C,33,2,1,0,0,0,1,0,0,
10GB006,2020,1,Q,110,Taiga,C,33,4,1,0,0,0,1,5,0,
10GC003,2020,0,Q,140,Taiga,C,44,,1,0,0,0.004,1,0,0,
10JA002,2020,0,Q,100,Taiga,C,52,,1,0,0,0.002,1,0,0,
10JC003,2020,1,Q,120,Taiga,C,29,11,1,0,0,0,1,0,0,
10KA007,2020,0,Q,160,Taiga,C,21,1,1,0,0,0.043,1,0,0,
10KB001,2020,0,Q,310,Taiga,C,26,1,1,0,0,0,1,0,0,
10LA002,2020,1,Q,270,Taiga,C,40,,1,0,0,0,1,0,0,
10LC003,2020,0,Q,83,Taiga,C,35,3,1,0,0,0.001,1,0,0,
10LC007,2020,1,Q,110,Taiga,C,35,4,1,0,0,0,1,0,0,
10MA001,2020,0,Q,240,Taiga,C,36,3,1,0,0,0.009,1,0,0,
10MA002,2020,0,Q,180,Taiga,C,21,,1,0,0,0.008,1,0,0,
10MA003,2020,1,Q,270,Taiga,C,23,,1,0,0,0.04,1,0,0,
10MC002,2020,1,Q,310,Taiga,C,40,2,1,0,0,0,1,0,0,
10NC001,2020,1,Q,80,Taiga,C,26,1,1,0,0,0,1,0,0,
10ND002,2020,1,Q,110,Tundra,C,32,2,1,0,0,0,1,0,0,
10PB001,2020,1,Q,170,Tundra,C,48,1,1,0,0,0.007,1,4,0.034,
10PC004,2020,0,Q,170,Tundra,C,22,1,1,0,0,0.003,1,4,0.014,
10PC005,2020,1,Q,180,Tundra,S,18,3,1,0,0,0,1,0,0,
10QA001,2020,1,Q,200,Tundra,C,33,2,1,0,0,0,1,0,0,
10QC001,2020,0,Q,220,Tundra,C,31,1,1,0,0,0.002,1,0,0,
10QD001,2020,1,Q,150,Tundra,C,32,2,1,0,0,0,1,1,0,
10RA001,2020,0,Q,150,Tundra,C,34,2,1,0,0,0.005,1,0,0,
10RA002,2020,0,Q,170,Tundra,C,27,1,1,0,0,0,1,0,0,
10RC001,2020,1,Q,160,Tundra,C,44,1,1,0,0,0,1,1,0,
10TF001,2020,1,Q,88,Tundra,C,29,6,1,0,0,0.012,1,0,0,
10UH001,2020,1,Q,330,Tundra,S,9,11,1,0.0072,0.0072,0,1,0,0,
11AA026,2020,1,Q,17,Great Plains,S,,80,1,0,0,0.14,1,40,0,
11AA032,2020,0,Q,110,Great Plains,S,,81,3,68,0,0.01,71,0,0,
11AB075,2020,1,Q,10,Great Plains,S,8,81,2,0,0,0.41,1,35,0.25,
11AB117,2020,1,Q,92,Northwest Forested Mountains,S,,42,4,24,0,0.44,1,2,0.48,
11AC025,2020,0,Q,14,Great Plains,S,,69,1,5,0,0.33,1,52,0.048,
11AE008,2020,0,Q,17,Great Plains,S,,84,3,34,0,0.49,,10,0,
11AE009,2020,0,Q,17,Great Plains,C,37,34,3,12,0,0,71,10,0.008,
11AE014,2020,0,Q,23,Great Plains,S,,38,3,100,0,0.72,,14,0,