"Longitude (x)","Latitude (y)","Station Name","Climate ID","Date/Time","Year","Month","Day","Data Quality","Max Temp (°C)","Max Temp Flag","Min Temp (°C)","Min Temp Flag","Mean Temp (°C)","Mean Temp Flag","Heat Deg Days (°C)","Heat Deg Days Flag","Cool Deg Days (°C)","Cool Deg Days Flag","Total Rain (mm)","Total Rain Flag","Total Snow (cm)","Total Snow Flag","Total Precip (mm)","Total Precip Flag","Snow on Grnd (cm)","Snow on Grnd Flag","Dir of Max Gust (10s deg)","Dir of Max Gust Flag","Spd of Max Gust (km/h)","Spd of Max Gust Flag"
"-116.98","51.30","GOLDEN A","1173210","2012-01-01","2012","01","01","†","-9.0","","-16.5","","-12.8","","30.8","","0.0","","0.0","","0.0","","0.0","","15","","","","",""
"-116.98","51.30","GOLDEN A","1173210","2012-01-02","2012","01","02","†","-8.0","","-15.5","","-11.8","","29.8","","0.0","","0.0","","0.2","","0.0","T","15","","","","",""
"-116.98","51.30","GOLDEN A","1173210","2012-01-03","2012","01","03","†","-2.0","","-11.5","","-6.8","","24.8","","0.0","","0.0","","1.8","","1.0","","15","","","","",""
"-116.98","51.30","GOLDEN A","1173210","2012-01-04","2012","01","04","†","6.0","","-5.0","","0.5","","17.5","","0.0","","0.4","","0.0","T","0.6","","16","","","","",""
"-116.98","51.30","GOLDEN A","1173210","2012-01-05","2012","01","05","†","4.0","","0.5","","2.3","","15.7","","0.0","","0.0","T","0.8","","0.2","","11","","","","",""
"-116.98","51.30","GOLDEN A","1173210","2012-01-06","2012","01","06","†","1.5","","-4.0","","-1.3","","19.3","","0.0","","0.0","","0.0","","0.0","","10","","","","",""
"-116.98","51.30","GOLDEN A","1173210","2012-01-07","2012","01","07","†","-0.5","","-5.0","","-2.8","","20.8","","0.0","","0.0","","0.0","T","0.0","T","10","","","","",""
"-116.98","51.30","GOLDEN A","1173210","2012-01-08","2012","01","08","†","1.5","","-3.5","","-1.0","","19.0","","0.0","","0.0","","0.4","","0.0","T","10","","","","",""
"-116.98","51.30","GOLDEN A","1173210","2012-01-09","2012","01","09","†","4.5","","-2.0","","1.3","","16.7","","0.0","","0.0","","1.0","","0.8","","9","","","","",""
"-116.98","51.30","GOLDEN A","1173210","2012-01-10","2012","01","10","†","-0.5","","-4.0","","-2.3","","20.3","","0.0","","0.0","","0.0","","0.0","","8","","","","",""
"-116.98","51.30","GOLDEN A","1173210","2012-01-11","2012","01","11","†","-6.5","","-16.0","","-11.3","","29.3","","0.0","","0.0","","0.0","","0.0","","8","","","","",""
"-116.98","51.30","GOLDEN A","1173210","2012-01-12","2012","01","12","†","-9.5","","-17.0","","-13.3","","31.3","","0.0","","0.0","","0.0","","0.0","","8","","","","",""
"-116.98","51.30","GOLDEN A","1173210","2012-01-13","2012","01","13","†","-5.0","","-15.5","","-10.3","","28.3","","0.0","","0.0","","2.8","","2.0","","8","","","","",""
"-116.98","51.30","GOLDEN A","1173210","2012-01-14","2012","01","14","†","-4.5","","-10.5","","-7.5","","25.5","","0.0","","0.0","","7.4","","5.6","","11","","","","",""
"-116.98","51.30","GOLDEN A","1173210","2012-01-15","2012","01","15","†","-6.0","","-9.0","","-7.5","","25.5","","0.0","","0.0","","1.8","","0.8","","17","","","","",""
"-116.98","51.30","GOLDEN A","1173210","2012-01-16","2012","01","16","†","-15.0","","-16.5","","-15.8","","33.8","","0.0","","0.0","","4.0","","3.2","","17","","","","",""
"-116.98","51.30","GOLDEN A","1173210","2012-01-17","2012","01","17","†","-19.5","","-21.0","","-20.3","","38.3","","0.0","","0.0","","4.0","","3.2","","19","","","","",""
"-116.98","51.30","GOLDEN A","1173210","2012-01-18","2012","01","18","†","-18.5","","-27.0","","-22.8","","40.8","","0.0","","0.0","","0.0","","0.0","","20","","","","",""
"-116.98","51.30","GOLDEN A","1173210","2012-01-19","2012","01","19","†","-18.5","","-27.0","","-22.8","","40.8","","0.0","","0.0","","1.4","","1.0","","19","","","","",""
"-116.98","51.30","GOLDEN A","1173210","2012-01-20","2012","01","20","†","-14.0","","-27.0","","-20.5","","38.5","","0.0","","0.0","","10.2","","7.2","","19","","","","",""
"-116.98","51.30","GOLDEN A","1173210","2012-01-21","2012","01","21","†","-9.0","","-16.0","","-12.5","","30.5","","0.0","","0.0","","2.2","","1.4","","25","","","","",""
"-116.98","51.30","GOLDEN A","1173210","2012-01-22","2012","01","22","†","-1.0","","-17.0","","-9.0","","27.0","","0.0","","0.0","","0.0","T","0.0","T","26","","","","",""
"-116.98","51.30","GOLDEN A","1173210","2012-01-23","2012","01","23","†","0.5","","-4.5","","-2.0","","20.0","","0.0","","0.0","","0.0","T","0.0","T","22","","","","",""
"-116.98","51.30","GOLDEN A","1173210","2012-01-24","2012","01","24","†","-0.5","","-9.5","","-5.0","","23.0","","0.0","","0.0","","14.4","","8.4","","22","","","","",""
"-116.98","51.30","GOLDEN A","1173210","2012-01-25","2012","01","25","†","2.0","","-3.0","","-0.5","","18.5","","0.0","","0.0","","0.6","","0.0","T","24","","","","",""
"-116.98","51.30","GOLDEN A","1173210","2012-01-26","2012","01","26","†","0.5","","-3.5","","-1.5","","19.5","","0.0","","0.0","","4.4","","3.0","","24","","","","",""
"-116.98","51.30","GOLDEN A","1173210","2012-01-27","2012","01","27","†","-4.0","","-13.5","","-8.8","","26.8","","0.0","","0.0","","0.0","","0.0","","26","","","","",""
"-116.98","51.30","GOLDEN A","1173210","2012-01-28","2012","01","28","†","-0.5","","-10.5","","-5.5","","23.5","","0.0","","0.0","","12.0","","10.4","","26","","","","",""
"-116.98","51.30","GOLDEN A","1173210","2012-01-29","2012","01","29","†","0.5","","-5.0","","-2.3","","20.3","","0.0","","0.0","T","1.0","","0.8","","36","","","","",""
"-116.98","51.30","GOLDEN A","1173210","2012-01-30","2012","01","30","†","3.0","","-2.0","","0.5","","17.5","","0.0","","0.2","","0.0","","0.4","","31","","","","",""
"-116.98","51.30","GOLDEN A","1173210","2012-01-31","2012","01","31","†","3.8","","-4.0","","-0.1","","18.1","","0.0","","0.0","","0.0","","0.0","","0","","","","",""
"-116.98","51.30","GOLDEN A","1173210","2012-02-01","2012","02","01","†","4.5","","-4.5","","0.0","","18.0","","0.0","","0.0","","0.2","","0.0","T","27","","","","",""
"-116.98","51.30","GOLDEN A","1173210","2012-02-02","2012","02","02","†","3.0","","-8.0","","-2.5","","20.5","","0.0","","0.0","","0.0","","0.0","","26","","","","",""
"-116.98","51.30","GOLDEN A","1173210","2012-02-03","2012","02","03","†","-1.5","","-9.5","","-5.5","","23.5","","0.0","","0.0","","0.0","","0.0","","26","","","","",""
"-116.98","51.30","GOLDEN A","1173210","2012-02-04","2012","02","04","†","-3.5","","-11.0","","-7.3","","25.3","","0.0","","0.0","","0.0","","0.0","","26","","","","",""
"-116.98","51.30","GOLDEN A","1173210","2012-02-05","2012","02","05","†","-2.0","","-5.5","","-3.8","","21.8","","0.0","","0.0","","0.0","","0.0","","26","","","","",""
"-116.98","51.30","GOLDEN A","1173210","2012-02-06","2012","02","06","†","-1.0","","-7.0","","-4.0","","22.0","","0.0","","0.0","","0.0","","0.0","","26","","","","",""
"-116.98","51.30","GOLDEN A","1173210","2012-02-07","2012","02","07","†","-4.5","","-14.0","","-9.3","","27.3","","0.0","","0.0","","0.0","T","0.0","T","26","","","","",""
"-116.98","51.30","GOLDEN A","1173210","2012-02-08","2012","02","08","†","-5.0","","-18.0","","-11.5","","29.5","","0.0","","0.0","","0.0","","0.0","","26","","","","",""
"-116.98","51.30","GOLDEN A","1173210","2012-02-09","2012","02","09","†","-0.5","","-11.5","","-6.0","","24.0","","0.0","","0.0","","0.0","","0.0","","26","","","","",""
"-116.98","51.30","GOLDEN A","1173210","2012-02-10","2012","02","10","†","-0.5","","-11.5","","-6.0","","24.0","","0.0","","0.0","","0.0","","0.0","","25","","","","",""
"-116.98","51.30","GOLDEN A","1173210","2012-02-11","2012","02","11","†","2.5","","-5.0","","-1.3","","19.3","","0.0","","0.0","","0.0","T","0.0","T","25","","","","",""
"-116.98","51.30","GOLDEN A","1173210","2012-02-12","2012","02","12","†","3.0","","-4.0","","-0.5","","18.5","","0.0","","0.0","","0.2","","0.0","T","24","","","","",""
"-116.98","51.30","GOLDEN A","1173210","2012-02-13","2012","02","13","†","4.5","","-3.5","","0.5","","17.5","","0.0","","0.0","T","2.8","","2.0","","24","","","","",""
"-116.98","51.30","GOLDEN A","1173210","2012-02-14","2012","02","14","†","-1.0","","-15.0","","-8.0","","26.0","","0.0","","0.0","","0.0","","0.0","","27","","","","",""
"-116.98","51.30","GOLDEN A","1173210","2012-02-15","2012","02","15","†","-1.5","","-15.5","","-8.5","","26.5","","0.0","","0.0","","0.0","","0.0","","27","","","","",""
"-116.98","51.30","GOLDEN A","1173210","2012-02-16","2012","02","16","†","-4.5","","-14.0","","-9.3","","27.3","","0.0","","0.0","","1.4","","0.6","","27","","","","",""
"-116.98","51.30","GOLDEN A","1173210","2012-02-17","2012","02","17","†","0.5","","-10.0","","-4.8","","22.8","","0.0","","0.0","","2.8","","1.6","","28","","","","",""
"-116.98","51.30","GOLDEN A","1173210","2012-02-18","2012","02","18","†","3.0","","-5.5","","-1.3","","19.3","","0.0","","0.0","","2.4","","2.0","","30","","","","",""
"-116.98","51.30","GOLDEN A","1173210","2012-02-19","2012","02","19","†","3.0","","-7.0","","-2.0","","20.0","","0.0","","0.0","","0.2","","0.0","T","33","","","","",""
"-116.98","51.30","GOLDEN A","1173210","2012-02-20","2012","02","20","†","1.5","","-6.0","","-2.3","","20.3","","0.0","","0.0","","1.2","","0.4","","31","","","","",""
"-116.98","51.30","GOLDEN A","1173210","2012-02-21","2012","02","21","†","3.5","","-4.5","","-0.5","","18.5","","0.0","","0.0","","6.4","","3.4","","31","","","","",""
"-116.98","51.30","GOLDEN A","1173210","2012-02-22","2012","02","22","†","5.5","","-3.5","","1.0","","17.0","","0.0","","0.0","","0.0","","0.0","","35","","","","",""
"-116.98","51.30","GOLDEN A","1173210","2012-02-23","2012","02","23","†","5.0","","-6.5","","-0.8","","18.8","","0.0","","0.0","","0.0","","0.0","","32","","","","",""
"-116.98","51.30","GOLDEN A","1173210","2012-02-24","2012","02","24","†","-3.0","","-11.5","","-7.3","","25.3","","0.0","","0.0","","9.6","","8.4","","31","","","","",""
"-116.98","51.30","GOLDEN A","1173210","2012-02-25","2012","02","25","†","0.5","","-5.5","","-2.5","","20.5","","0.0","","0.0","","1.8","","1.0","","40","","","","",""
"-116.98","51.30","GOLDEN A","1173210","2012-02-26","2012","02","26","†","-2.0","","-7.0","","-4.5","","22.5","","0.0","","0.0","","1.0","","0.4","","40","","","","",""
"-116.98","51.30","GOLDEN A","1173210","2012-02-27","2012","02","27","†","-1.5","","-15.5","","-8.5","","26.5","","0.0","","0.0","","0.0","T","0.0","T","38","","","","",""
"-116.98","51.30","GOLDEN A","1173210","2012-02-28","2012","02","28","†","-3.0","","-18.0","","-10.5","","28.5","","0.0","","0.0","","0.4","","0.0","T","37","","","","",""
"-116.98","51.30","GOLDEN A","1173210","2012-02-29","2012","02","29","†","-3.0","","-16.0","","-9.5","","27.5","","0.0","","0.0","","0.4","","0.2","","37","","","","",""
"-116.98","51.30","GOLDEN A","1173210","2012-03-01","2012","03","01","†","0.5","","-10.0","","-4.8","","22.8","","0.0","","0.0","","0.2","","0.0","T","37","","","","",""
"-116.98","51.30","GOLDEN A","1173210","2012-03-02","2012","03","02","†","0.0","","-13.5","","-6.8","","24.8","","0.0","","0.0","","0.0","T","0.0","T","37","","","","",""
"-116.98","51.30","GOLDEN A","1173210","2012-03-03","2012","03","03","†","1.5","","-7.5","","-3.0","","21.0","","0.0","","0.0","","6.2","","5.0","","37","","","","",""
"-116.98","51.30","GOLDEN A","1173210","2012-03-04","2012","03","04","†","6.0","","-2.5","","1.8","","16.2","","0.0","","0.2","","1.0","","0.6","","41","","","","",""
"-116.98","51.30","GOLDEN A","1173210","2012-03-05","2012","03","05","†","4.0","","0.5","","2.3","","15.7","","0.0","","3.0","","5.8","","9.2","","32","","","","",""
"-116.98","51.30","GOLDEN A","1173210","2012-03-06","2012","03","06","†","1.5","","-5.0","","-1.8","","19.8","","0.0","","0.0","","0.0","","0.0","","32","","","","",""
"-116.98","51.30","GOLDEN A","1173210","2012-03-07","2012","03","07","†","3.0","","-10.0","","-3.5","","21.5","","0.0","","0.0","","0.0","","0.0","","32","","","","",""
"-116.98","51.30","GOLDEN A","1173210","2012-03-08","2012","03","08","†","5.0","","-6.0","","-0.5","","18.5","","0.0","","0.0","","0.0","","0.0","","32","","","","",""
"-116.98","51.30","GOLDEN A","1173210","2012-03-09","2012","03","09","†","6.0","","-2.5","","1.8","","16.2","","0.0","","0.4","","0.0","","0.4","","30","","","","",""
"-116.98","51.30","GOLDEN A","1173210","2012-03-10","2012","03","10","†","9.5","","-0.5","","4.5","","13.5","","0.0","","0.0","T","0.0","","0.0","T","27","","","","",""
"-116.98","51.30","GOLDEN A","1173210","2012-03-11","2012","03","11","†","8.0","","-0.5","","3.8","","14.2","","0.0","","0.2","","0.2","","0.4","","26","","","","",""
"-116.98","51.30","GOLDEN A","1173210","2012-03-12","2012","03","12","†","3.0","","-6.0","","-1.5","","19.5","","0.0","","2.8","","1.0","","6.6","","25","","","","",""
"-116.98","51.30","GOLDEN A","1173210","2012-03-13","2012","03","13","†","4.5","","-0.5","","2.0","","16.0","","0.0","","0.6","","0.8","","2.0","","24","","","","",""
"-116.98","51.30","GOLDEN A","1173210","2012-03-14","2012","03","14","†","2.5","","-5.5","","-1.5","","19.5","","0.0","","0.0","","0.2","","0.0","T","21","","","","",""
"-116.98","51.30","GOLDEN A","1173210","2012-03-15","2012","03","15","†","4.0","","-1.0","","1.5","","16.5","","0.0","","0.6","","4.6","","5.0","","21","","","","",""
"-116.98","51.30","GOLDEN A","1173210","2012-03-16","2012","03","16","†","6.5","","0.0","","3.3","","14.7","","0.0","","0.4","","1.8","","2.0","","22","","","","",""
"-116.98","51.30","GOLDEN A","1173210","2012-03-17","2012","03","17","†","2.5","","-2.0","","0.3","","17.7","","0.0","","0.0","","4.2","","3.4","","20","","","","",""
"-116.98","51.30","GOLDEN A","1173210","2012-03-18","2012","03","18","†","5.5","","-2.5","","1.5","","16.5","","0.0","","0.0","","0.0","","0.0","","21","","","","",""
"-116.98","51.30","GOLDEN A","1173210","2012-03-19","2012","03","19","†","7.0","","-3.5","","1.8","","16.2","","0.0","","0.0","","0.0","","0.0","","19","","","","",""
"-116.98","51.30","GOLDEN A","1173210","2012-03-20","2012","03","20","†","2.0","","-5.5","","-1.8","","19.8","","0.0","","0.0","","1.6","","1.2","","19","","","","",""
"-116.98","51.30","GOLDEN A","1173210","2012-03-21","2012","03","21","†","4.0","","-4.5","","-0.3","","18.3","","0.0","","0.0","","0.0","","0.0","","19","","","","",""
"-116.98","51.30","GOLDEN A","1173210","2012-03-22","2012","03","22","†","3.0","","-6.0","","-1.5","","19.5","","0.0","","0.0","","2.4","","1.8","","19","","","","",""
"-116.98","51.30","GOLDEN A","1173210","2012-03-23","2012","03","23","†","6.0","","-7.5","","-0.8","","18.8","","0.0","","0.0","","0.0","","0.0","","21","","","","",""
"-116.98","51.30","GOLDEN A","1173210","2012-03-24","2012","03","24","†","7.0","","-9.0","","-1.0","","19.0","","0.0","","0.0","","0.0","","0.0","","20","","","","",""
"-116.98","51.30","GOLDEN A","1173210","2012-03-25","2012","03","25","†","9.0","","-8.0","","0.5","","17.5","","0.0","","0.0","","0.0","","0.0","","20","","","","",""
"-116.98","51.30","GOLDEN A","1173210","2012-03-26","2012","03","26","†","9.0","","-3.5","","2.8","","15.2","","0.0","","0.8","","0.0","","0.8","","17","","","","",""
"-116.98","51.30","GOLDEN A","1173210","2012-03-27","2012","03","27","†","10.0","","1.0","","5.5","","12.5","","0.0","","0.0","","0.0","","0.0","","16","","","","",""
"-116.98","51.30","GOLDEN A","1173210","2012-03-28","2012","03","28","†","10.5","","0.5","","5.5","","12.5","","0.0","","2.2","","0.0","","2.2","","12","","","","",""
"-116.98","51.30","GOLDEN A","1173210","2012-03-29","2012","03","29","†","8.5","","-1.0","","3.8","","14.2","","0.0","","3.6","","0.0","","3.6","","8","","","","",""
"-116.98","51.30","GOLDEN A","1173210","2012-03-30","2012","03","30","†","6.0","","0.0","","3.0","","15.0","","0.0","","7.0","","1.4","","15.0","","0","T","","","",""
"-116.98","51.30","GOLDEN A","1173210","2012-03-31","2012","03","31","†","6.0","","-0.5","","2.8","","15.2","","0.0","","3.8","","3.4","","10.4","","1","","","","",""
"-116.98","51.30","GOLDEN A","1173210","2012-04-01","2012","04","01","†","8.5","","0.0","","4.3","","13.7","","0.0","","0.0","T","0.0","","0.0","T","2","","","","",""
"-116.98","51.30","GOLDEN A","1173210","2012-04-02","2012","04","02","†","10.0","","-2.0","","4.0","","14.0","","0.0","","0.0","","0.0","","0.0","","0","","","","",""
"-116.98","51.30","GOLDEN A","1173210","2012-04-03","2012","04","03","†","11.5","","-2.0","","4.8","","13.2","","0.0","","0.2","","0.0","","0.2","","0","","","","",""
"-116.98","51.30","GOLDEN A","1173210","2012-04-04","2012","04","04","†","5.0","","0.0","","2.5","","15.5","","0.0","","3.0","","18.6","","24.6","","0","","","","",""
"-116.98","51.30","GOLDEN A","1173210","2012-04-05","2012","04","05","†","2.5","","-1.0","","0.8","","17.2","","0.0","","0.0","","3.0","","3.0","","12","","","","",""
"-116.98","51.30","GOLDEN A","1173210","2012-04-06","2012","04","06","†","6.0","","-4.0","","1.0","","17.0","","0.0","","0.0","","0.0","","0.0","","12","","","","",""
"-116.98","51.30","GOLDEN A","1173210","2012-04-07","2012","04","07","†","7.0","","-6.0","","0.5","","17.5","","0.0","","0.0","","0.0","","0.0","","7","","","","",""
"-116.98","51.30","GOLDEN A","1173210","2012-04-08","2012","04","08","†","11.0","","-6.5","","2.3","","15.7","","0.0","","0.0","","0.0","","0.0","","2","","","","",""
"-116.98","51.30","GOLDEN A","1173210","2012-04-09","2012","04","09","†","13.5","","-5.0","","4.3","","13.7","","0.0","","0.0","","0.0","","0.0","","0","","","","",""
"-116.98","51.30","GOLDEN A","1173210","2012-04-10","2012","04","10","†","17.0","","-2.0","","7.5","","10.5","","0.0","","0.0","","0.0","","0.0","","0","","","","",""
"-116.98","51.30","GOLDEN A","1173210","2012-04-11","2012","04","11","†","19.0","","-2.0","","8.5","","9.5","","0.0","","0.0","","0.0","","0.0","","0","","","","",""
"-116.98","51.30","GOLDEN A","1173210","2012-04-12","2012","04","12","†","7.5","","2.0","","4.8","","13.2","","0.0","","5.4","","0.0","","5.4","","0","","","","",""
"-116.98","51.30","GOLDEN A","1173210","2012-04-13","2012","04","13","†","12.5","","3.0","","7.8","","10.2","","0.0","","1.4","","0.0","","1.4","","0","","","","",""
"-116.98","51.30","GOLDEN A","1173210","2012-04-14","2012","04","14","†","10.5","","1.0","","5.8","","12.2","","0.0","","0.4","","0.0","","0.4","","0","","","","",""
"-116.98","51.30","GOLDEN A","1173210","2012-04-15","2012","04","15","†","10.0","","-2.0","","4.0","","14.0","","0.0","","0.0","","0.0","","0.0","","0","","","","",""
"-116.98","51.30","GOLDEN A","1173210","2012-04-16","2012","04","16","†","11.0","","0.5","","5.8","","12.2","","0.0","","0.0","T","0.0","","0.0","T","0","","","","",""
"-116.98","51.30","GOLDEN A","1173210","2012-04-17","2012","04","17","†","13.0","","1.0","","7.0","","11.0","","0.0","","0.2","","0.0","","0.2","","0","","","","",""
"-116.98","51.30","GOLDEN A","1173210","2012-04-18","2012","04","18","†","11.5","","1.5","","6.5","","11.5","","0.0","","0.2","","0.0","","0.2","","0","","","","",""
"-116.98","51.30","GOLDEN A","1173210","2012-04-19","2012","04","19","†","14.0","","-2.0","","6.0","","12.0","","0.0","","0.6","","0.0","","0.6","","0","","","","",""
"-116.98","51.30","GOLDEN A","1173210","2012-04-20","2012","04","20","†","14.0","","4.0","","9.0","","9.0","","0.0","","0.2","","0.0","","0.2","","0","","","","",""
"-116.98","51.30","GOLDEN A","1173210","2012-04-21","2012","04","21","†","17.0","","-2.5","","7.3","","10.7","","0.0","","0.0","","0.0","","0.0","","0","","","","",""
"-116.98","51.30","GOLDEN A","1173210","2012-04-22","2012","04","22","†","15.0","","1.5","","8.3","","9.7","","0.0","","0.0","T","0.0","","0.0","T","0","","","","",""
"-116.98","51.30","GOLDEN A","1173210","2012-04-23","2012","04","23","†","21.5","","2.0","","11.8","","6.2","","0.0","","0.0","","0.0","","0.0","","0","","","","",""
"-116.98","51.30","GOLDEN A","1173210","2012-04-24","2012","04","24","†","13.5","","4.5","","9.0","","9.0","","0.0","","6.4","","0.0","","6.4","","0","","","","",""
"-116.98","51.30","GOLDEN A","1173210","2012-04-25","2012","04","25","†","19.0","","6.5","","12.8","","5.2","","0.0","","0.2","","0.0","","0.2","","0","","","","",""
"-116.98","51.30","GOLDEN A","1173210","2012-04-26","2012","04","26","†","15.5","","6.0","","10.8","","7.2","","0.0","","1.0","","0.0","","1.0","","0","","","","",""
"-116.98","51.30","GOLDEN A","1173210","2012-04-27","2012","04","27","†","15.0","","4.0","","9.5","","8.5","","0.0","","0.0","T","0.0","","0.0","T","0","","","","",""
"-116.98","51.30","GOLDEN A","1173210","2012-04-28","2012","04","28","†","16.5","","-1.0","","7.8","","10.2","","0.0","","0.0","","0.0","","0.0","","0","","","","",""
"-116.98","51.30","GOLDEN A","1173210","2012-04-29","2012","04","29","†","16.5","","3.0","","9.8","","8.2","","0.0","","0.2","","0.0","","0.2","","0","","","","",""
"-116.98","51.30","GOLDEN A","1173210","2012-04-30","2012","04","30","†","11.0","","3.0","","7.0","","11.0","","0.0","","4.8","","0.0","","4.8","","0","","","","",""
"-116.98","51.30","GOLDEN A","1173210","2012-05-01","2012","05","01","†","14.0","","4.0","","9.0","","9.0","","0.0","","2.6","","0.0","","2.6","","0","","","","",""
"-116.98","51.30","GOLDEN A","1173210","2012-05-02","2012","05","02","†","12.0","","4.0","","8.0","","10.0","","0.0","","2.2","","0.0","","2.2","","0","","","","",""
"-116.98","51.30","GOLDEN A","1173210","2012-05-03","2012","05","03","†","14.0","","3.0","","8.5","","9.5","","0.0","","0.0","","0.0","","0.0","","0","","","","",""
"-116.98","51.30","GOLDEN A","1173210","2012-05-04","2012","05","04","†","16.0","","4.0","","10.0","","8.0","","0.0","","0.6","","0.0","","0.6","","0","","","","",""
"-116.98","51.30","GOLDEN A","1173210","2012-05-05","2012","05","05","†","15.0","","3.0","","9.0","","9.0","","0.0","","0.0","T","0.0","","0.0","T","0","","","","",""
"-116.98","51.30","GOLDEN A","1173210","2012-05-06","2012","05","06","†","16.5","","-2.0","","7.3","","10.7","","0.0","","0.0","","0.0","","0.0","","0","","","","",""
"-116.98","51.30","GOLDEN A","1173210","2012-05-07","2012","05","07","†","20.0","","1.5","","10.8","","7.2","","0.0","","0.0","","0.0","","0.0","","0","","","","",""
"-116.98","51.30","GOLDEN A","1173210","2012-05-08","2012","05","08","†","22.5","","2.5","","12.5","","5.5","","0.0","","0.2","","0.0","","0.2","","0","","","","",""
"-116.98","51.30","GOLDEN A","1173210","2012-05-09","2012","05","09","†","17.0","","6.5","","11.8","","6.2","","0.0","","0.2","","0.0","","0.2","","0","","","","",""
"-116.98","51.30","GOLDEN A","1173210","2012-05-10","2012","05","10","†","10.0","","-1.5","","4.3","","13.7","","0.0","","0.0","","0.0","","0.0","","0","","","","",""
"-116.98","51.30","GOLDEN A","1173210","2012-05-11","2012","05","11","†","15.5","","-4.0","","5.8","","12.2","","0.0","","0.0","","0.0","","0.0","","0","","","","",""
"-116.98","51.30","GOLDEN A","1173210","2012-05-12","2012","05","12","†","21.0","","-1.5","","9.8","","8.2","","0.0","","0.0","","0.0","","0.0","","0","","","","",""
"-116.98","51.30","GOLDEN A","1173210","2012-05-13","2012","05","13","†","25.0","","1.0","","13.0","","5.0","","0.0","","0.0","","0.0","","0.0","","0","","","","",""
"-116.98","51.30","GOLDEN A","1173210","2012-05-14","2012","05","14","†","26.0","","3.0","","14.5","","3.5","","0.0","","0.0","","0.0","","0.0","","0","","","","",""
"-116.98","51.30","GOLDEN A","1173210","2012-05-15","2012","05","15","†","27.0","","4.5","","15.8","","2.2","","0.0","","0.0","","0.0","","0.0","","0","","","","",""
"-116.98","51.30","GOLDEN A","1173210","2012-05-16","2012","05","16","†","20.0","","3.5","","11.8","","6.2","","0.0","","0.8","","0.0","","0.8","","0","","","","",""
"-116.98","51.30","GOLDEN A","1173210","2012-05-17","2012","05","17","†","16.0","","2.0","","9.0","","9.0","","0.0","","0.0","T","0.0","","0.0","T","0","","","","",""
"-116.98","51.30","GOLDEN A","1173210","2012-05-18","2012","05","18","†","14.0","","-1.5","","6.3","","11.7","","0.0","","0.0","","0.0","","0.0","","0","","","","",""
"-116.98","51.30","GOLDEN A","1173210","2012-05-19","2012","05","19","†","18.0","","0.0","","9.0","","9.0","","0.0","","0.0","","0.0","","0.0","","0","","","","",""
"-116.98","51.30","GOLDEN A","1173210","2012-05-20","2012","05","20","†","19.0","","1.0","","10.0","","8.0","","0.0","","0.0","T","0.0","","0.0","T","0","","","","",""
"-116.98","51.30","GOLDEN A","1173210","2012-05-21","2012","05","21","†","18.0","","8.0","","13.0","","5.0","","0.0","","2.0","","0.0","","2.0","","0","","","","",""
"-116.98","51.30","GOLDEN A","1173210","2012-05-22","2012","05","22","†","19.0","","9.0","","14.0","","4.0","","0.0","","0.0","T","0.0","","0.0","T","0","","","","",""
"-116.98","51.30","GOLDEN A","1173210","2012-05-23","2012","05","23","†","16.5","","7.5","","12.0","","6.0","","0.0","","0.2","","0.0","","0.2","","0","","","","",""
"-116.98","51.30","GOLDEN A","1173210","2012-05-24","2012","05","24","†","15.5","","6.5","","11.0","","7.0","","0.0","","0.4","","0.0","","0.4","","0","","","","",""
"-116.98","51.30","GOLDEN A","1173210","2012-05-25","2012","05","25","†","18.5","","1.5","","10.0","","8.0","","0.0","","0.0","","0.0","","0.0","","0","","","","",""
"-116.98","51.30","GOLDEN A","1173210","2012-05-26","2012","05","26","†","21.0","","1.0","","11.0","","7.0","","0.0","","0.0","","0.0","","0.0","","0","","","","",""
"-116.98","51.30","GOLDEN A","1173210","2012-05-27","2012","05","27","†","22.5","","1.0","","11.8","","6.2","","0.0","","0.0","","0.0","","0.0","","0","","","","",""
"-116.98","51.30","GOLDEN A","1173210","2012-05-28","2012","05","28","†","21.5","","4.0","","12.8","","5.2","","0.0","","1.0","","0.0","","1.0","","0","","","","",""
"-116.98","51.30","GOLDEN A","1173210","2012-05-29","2012","05","29","†","17.0","","9.0","","13.0","","5.0","","0.0","","3.2","","0.0","","3.2","","0","","","","",""
"-116.98","51.30","GOLDEN A","1173210","2012-05-30","2012","05","30","†","17.5","","2.5","","10.0","","8.0","","0.0","","0.0","T","0.0","","0.0","T","0","","","","",""
"-116.98","51.30","GOLDEN A","1173210","2012-05-31","2012","05","31","†","19.5","","6.0","","12.8","","5.2","","0.0","","0.0","T","0.0","","0.0","T","0","","","","",""
"-116.98","51.30","GOLDEN A","1173210","2012-06-01","2012","06","01","†","16.5","","6.0","","11.3","","6.7","","0.0","","1.6","","0.0","","1.6","","0","","","","",""
"-116.98","51.30","GOLDEN A","1173210","2012-06-02","2012","06","02","†","20.5","","9.0","","14.8","","3.2","","0.0","","0.8","","0.0","","0.8","","0","","","","",""
"-116.98","51.30","GOLDEN A","1173210","2012-06-03","2012","06","03","†","16.0","","4.5","","10.3","","7.7","","0.0","","2.0","","0.0","","2.0","","0","","","","",""
"-116.98","51.30","GOLDEN A","1173210","2012-06-04","2012","06","04","†","17.0","","7.0","","12.0","","6.0","","0.0","","6.4","","0.0","","6.4","","0","","","","",""
"-116.98","51.30","GOLDEN A","1173210","2012-06-05","2012","06","05","†","15.0","","10.0","","12.5","","5.5","","0.0","","34.6","","0.0","","34.6","","0","","","","",""
"-116.98","51.30","GOLDEN A","1173210","2012-06-06","2012","06","06","†","10.0","","6.0","","8.0","","10.0","","0.0","","11.4","","0.0","","11.4","","0","","","","",""
"-116.98","51.30","GOLDEN A","1173210","2012-06-07","2012","06","07","†","16.5","","5.0","","10.8","","7.2","","0.0","","1.2","","0.0","","1.2","","0","","","","",""
"-116.98","51.30","GOLDEN A","1173210","2012-06-08","2012","06","08","†","16.0","","7.5","","11.8","","6.2","","0.0","","8.4","","0.0","","8.4","","0","","","","",""
"-116.98","51.30","GOLDEN A","1173210","2012-06-09","2012","06","09","†","9.5","","7.0","","8.3","","9.7","","0.0","","3.0","","0.0","","3.0","","0","","","","",""
"-116.98","51.30","GOLDEN A","1173210","2012-06-10","2012","06","10","†","18.5","","5.0","","11.8","","6.2","","0.0","","0.0","T","0.0","","0.0","T","0","","","","",""
"-116.98","51.30","GOLDEN A","1173210","2012-06-11","2012","06","11","†","24.0","","8.0","","16.0","","2.0","","0.0","","0.0","","0.0","","0.0","","0","","","","",""
"-116.98","51.30","GOLDEN A","1173210","2012-06-12","2012","06","12","†","24.5","","7.5","","16.0","","2.0","","0.0","","0.6","","0.0","","0.6","","0","","","","",""
"-116.98","51.30","GOLDEN A","1173210","2012-06-13","2012","06","13","†","20.0","","10.5","","15.3","","2.7","","0.0","","2.2","","0.0","","2.2","","0","","","","",""
"-116.98","51.30","GOLDEN A","1173210","2012-06-14","2012","06","14","†","18.5","","5.0","","11.8","","6.2","","0.0","","1.2","","0.0","","1.2","","0","","","","",""
"-116.98","51.30","GOLDEN A","1173210","2012-06-15","2012","06","15","†","22.0","","8.0","","15.0","","3.0","","0.0","","0.0","","0.0","","0.0","","0","","","","",""
"-116.98","51.30","GOLDEN A","1173210","2012-06-16","2012","06","16","†","16.0","","8.5","","12.3","","5.7","","0.0","","3.0","","0.0","","3.0","","0","","","","",""
"-116.98","51.30","GOLDEN A","1173210","2012-06-17","2012","06","17","†","17.5","","10.0","","13.8","","4.2","","0.0","","2.4","","0.0","","2.4","","0","","","","",""
"-116.98","51.30","GOLDEN A","1173210","2012-06-18","2012","06","18","†","20.0","","7.5","","13.8","","4.2","","0.0","","0.4","","0.0","","0.4","","0","","","","",""
"-116.98","51.30","GOLDEN A","1173210","2012-06-19","2012","06","19","†","18.0","","9.5","","13.8","","4.2","","0.0","","2.0","","0.0","","2.0","","0","","","","",""
"-116.98","51.30","GOLDEN A","1173210","2012-06-20","2012","06","20","†","20.5","","9.5","","15.0","","3.0","","0.0","","0.2","","0.0","","0.2","","0","","","","",""
"-116.98","51.30","GOLDEN A","1173210","2012-06-21","2012","06","21","†","26.5","","7.0","","16.8","","1.2","","0.0","","0.0","","0.0","","0.0","","0","","","","",""
"-116.98","51.30","GOLDEN A","1173210","2012-06-22","2012","06","22","†","26.5","","10.0","","18.3","","0.0","","0.3","","0.4","","0.0","","0.4","","0","","","","",""
"-116.98","51.30","GOLDEN A","1173210","2012-06-23","2012","06","23","†","21.0","","14.0","","17.5","","0.5","","0.0","","15.2","","0.0","","15.2","","0","","","","",""
"-116.98","51.30","GOLDEN A","1173210","2012-06-24","2012","06","24","†","18.0","","11.0","","14.5","","3.5","","0.0","","8.8","","0.0","","8.8","","0","","","","",""
"-116.98","51.30","GOLDEN A","1173210","2012-06-25","2012","06","25","†","17.0","","8.5","","12.8","","5.2","","0.0","","0.0","T","0.0","","0.0","T","0","","","","",""
"-116.98","51.30","GOLDEN A","1173210","2012-06-26","2012","06","26","†","18.5","","7.5","","13.0","","5.0","","0.0","","0.0","","0.0","","0.0","","0","","","","",""
"-116.98","51.30","GOLDEN A","1173210","2012-06-27","2012","06","27","†","16.5","","8.5","","12.5","","5.5","","0.0","","0.0","T","0.0","","0.0","T","0","","","","",""
"-116.98","51.30","GOLDEN A","1173210","2012-06-28","2012","06","28","†","23.0","","8.0","","15.5","","2.5","","0.0","","0.0","","0.0","","0.0","","0","","","","",""
"-116.98","51.30","GOLDEN A","1173210","2012-06-29","2012","06","29","†","20.5","","13.0","","16.8","","1.2","","0.0","","0.4","","0.0","","0.4","","0","","","","",""
"-116.98","51.30","GOLDEN A","1173210","2012-06-30","2012","06","30","†","21.0","","9.0","","15.0","","3.0","","0.0","","3.8","","0.0","","3.8","","0","","","","",""
"-116.98","51.30","GOLDEN A","1173210","2012-07-01","2012","07","01","†","22.5","","11.5","","17.0","","1.0","","0.0","","0.2","","0.0","","0.2","","0","","","","",""
"-116.98","51.30","GOLDEN A","1173210","2012-07-02","2012","07","02","†","22.5","","8.5","","15.5","","2.5","","0.0","","1.0","","0.0","","1.0","","0","","","","",""
"-116.98","51.30","GOLDEN A","1173210","2012-07-03","2012","07","03","†","18.0","","12.0","","15.0","","3.0","","0.0","","3.4","","0.0","","3.4","","0","","","","",""
"-116.98","51.30","GOLDEN A","1173210","2012-07-04","2012","07","04","†","20.0","","9.0","","14.5","","3.5","","0.0","","0.0","","0.0","","0.0","","0","","","","",""
"-116.98","51.30","GOLDEN A","1173210","2012-07-05","2012","07","05","†","22.5","","5.5","","14.0","","4.0","","0.0","","0.0","T","0.0","","0.0","T","0","","","","",""
"-116.98","51.30","GOLDEN A","1173210","2012-07-06","2012","07","06","†","27.0","","7.0","","17.0","","1.0","","0.0","","0.0","","0.0","","0.0","","0","","","","",""
"-116.98","51.30","GOLDEN A","1173210","2012-07-07","2012","07","07","†","30.0","","8.5","","19.3","","0.0","","1.3","","0.0","","0.0","","0.0","","0","","","","",""
"-116.98","51.30","GOLDEN A","1173210","2012-07-08","2012","07","08","†","32.5","","10.5","","21.5","","0.0","","3.5","","0.0","","0.0","","0.0","","0","","","","",""
"-116.98","51.30","GOLDEN A","1173210","2012-07-09","2012","07","09","†","32.5","","12.0","","22.3","","0.0","","4.3","","0.0","","0.0","","0.0","","0","","","","",""
"-116.98","51.30","GOLDEN A","1173210","2012-07-10","2012","07","10","†","32.5","","13.0","","22.8","","0.0","","4.8","","0.0","","0.0","","0.0","","0","","","","",""
"-116.98","51.30","GOLDEN A","1173210","2012-07-11","2012","07","11","†","32.5","","11.0","","21.8","","0.0","","3.8","","0.0","","0.0","","0.0","","0","","","","",""
"-116.98","51.30","GOLDEN A","1173210","2012-07-12","2012","07","12","†","31.5","","13.0","","22.3","","0.0","","4.3","","0.0","","0.0","","0.0","","0","","","","",""
"-116.98","51.30","GOLDEN A","1173210","2012-07-13","2012","07","13","†","30.5","","14.0","","22.3","","0.0","","4.3","","0.2","","0.0","","0.2","","0","","","","",""
"-116.98","51.30","GOLDEN A","1173210","2012-07-14","2012","07","14","†","24.5","","15.0","","19.8","","0.0","","1.8","","1.4","","0.0","","1.4","","0","","","","",""
"-116.98","51.30","GOLDEN A","1173210","2012-07-15","2012","07","15","†","20.0","","15.5","","17.8","","0.2","","0.0","","7.6","","0.0","","7.6","","0","","","","",""
"-116.98","51.30","GOLDEN A","1173210","2012-07-16","2012","07","16","†","28.5","","15.5","","22.0","","0.0","","4.0","","0.0","","0.0","","0.0","","0","","","","",""
"-116.98","51.30","GOLDEN A","1173210","2012-07-17","2012","07","17","†","28.5","","13.5","","21.0","","0.0","","3.0","","0.0","","0.0","","0.0","","0","","","","",""
"-116.98","51.30","GOLDEN A","1173210","2012-07-18","2012","07","18","†","28.5","","17.5","","23.0","","0.0","","5.0","","0.0","T","0.0","","0.0","T","0","","","","",""
"-116.98","51.30","GOLDEN A","1173210","2012-07-19","2012","07","19","†","30.0","","11.5","","20.8","","0.0","","2.8","","0.0","","0.0","","0.0","","0","","","","",""
"-116.98","51.30","GOLDEN A","1173210","2012-07-20","2012","07","20","†","26.0","","14.0","","20.0","","0.0","","2.0","","18.2","","0.0","","18.2","","0","","","","",""
"-116.98","51.30","GOLDEN A","1173210","2012-07-21","2012","07","21","†","24.0","","14.5","","19.3","","0.0","","1.3","","0.0","T","0.0","","0.0","T","0","","","","",""
"-116.98","51.30","GOLDEN A","1173210","2012-07-22","2012","07","22","†","27.0","","9.5","","18.3","","0.0","","0.3","","0.0","","0.0","","0.0","","0","","","","",""
"-116.98","51.30","GOLDEN A","1173210","2012-07-23","2012","07","23","†","17.5","","11.0","","14.3","","3.7","","0.0","","15.6","","0.0","","25.0","","0","","","","",""
"-116.98","51.30","GOLDEN A","1173210","2012-07-24","2012","07","24","†","15.0","","9.5","","12.3","","5.7","","0.0","","0.0","T","0.0","","0.0","T","0","","","","",""
"-116.98","51.30","GOLDEN A","1173210","2012-07-25","2012","07","25","†","22.5","","9.5","","16.0","","2.0","","0.0","","0.0","T","0.0","","0.0","T","0","","","","",""
"-116.98","51.30","GOLDEN A","1173210","2012-07-26","2012","07","26","†","25.0","","13.5","","19.3","","0.0","","1.3","","1.0","","0.0","","1.0","","0","","","","",""
"-116.98","51.30","GOLDEN A","1173210","2012-07-27","2012","07","27","†","26.5","","11.5","","19.0","","0.0","","1.0","","3.0","","0.0","","3.0","","0","","","","",""
"-116.98","51.30","GOLDEN A","1173210","2012-07-28","2012","07","28","†","25.0","","10.5","","17.8","","0.2","","0.0","","0.0","T","0.0","","0.0","T","0","","","","",""
"-116.98","51.30","GOLDEN A","1173210","2012-07-29","2012","07","29","†","28.5","","9.5","","19.0","","0.0","","1.0","","0.0","","0.0","","0.0","","0","","","","",""
"-116.98","51.30","GOLDEN A","1173210","2012-07-30","2012","07","30","†","23.0","","9.5","","16.3","","1.7","","0.0","","2.8","","0.0","","5.2","","0","","","","",""
"-116.98","51.30","GOLDEN A","1173210","2012-07-31","2012","07","31","†","23.5","","11.0","","17.3","","0.7","","0.0","","0.6","","0.0","","0.6","","0","","","","",""
"-116.98","51.30","GOLDEN A","1173210","2012-08-01","2012","08","01","†","25.5","","10.0","","17.8","","0.2","","0.0","","1.4","","0.0","","1.4","","0","","","","",""
"-116.98","51.30","GOLDEN A","1173210","2012-08-02","2012","08","02","†","20.0","","12.5","","16.3","","1.7","","0.0","","1.8","","0.0","","1.8","","0","","","","",""
"-116.98","51.30","GOLDEN A","1173210","2012-08-03","2012","08","03","†","25.5","","8.0","","16.8","","1.2","","0.0","","0.0","","0.0","","0.0","","0","","","","",""
"-116.98","51.30","GOLDEN A","1173210","2012-08-04","2012","08","04","†","28.5","","10.5","","19.5","","0.0","","1.5","","0.0","","0.0","","0.0","","0","","","","",""
"-116.98","51.30","GOLDEN A","1173210","2012-08-05","2012","08","05","†","32.0","","12.0","","22.0","","0.0","","4.0","","0.0","","0.0","","0.0","","0","","","","",""
"-116.98","51.30","GOLDEN A","1173210","2012-08-06","2012","08","06","†","33.0","","12.5","","22.8","","0.0","","4.8","","0.0","T","0.0","","0.0","T","0","","","","",""
"-116.98","51.30","GOLDEN A","1173210","2012-08-07","2012","08","07","†","28.0","","15.0","","21.5","","0.0","","3.5","","0.0","","0.0","","0.0","","0","","","","",""
"-116.98","51.30","GOLDEN A","1173210","2012-08-08","2012","08","08","†","23.0","","11.5","","17.3","","0.7","","0.0","","0.4","","0.0","","0.4","","0","","","","",""
"-116.98","51.30","GOLDEN A","1173210","2012-08-09","2012","08","09","†","27.5","","9.5","","18.5","","0.0","","0.5","","0.0","","0.0","","0.0","","0","","","","",""
"-116.98","51.30","GOLDEN A","1173210","2012-08-10","2012","08","10","†","28.0","","9.5","","18.8","","0.0","","0.8","","0.0","","0.0","","0.0","","0","","","","",""
"-116.98","51.30","GOLDEN A","1173210","2012-08-11","2012","08","11","†","27.5","","10.0","","18.8","","0.0","","0.8","","0.0","","0.0","","0.0","","0","","","","",""
"-116.98","51.30","GOLDEN A","1173210","2012-08-12","2012","08","12","†","29.0","","8.5","","18.8","","0.0","","0.8","","0.0","","0.0","","0.0","","0","","","","",""
"-116.98","51.30","GOLDEN A","1173210","2012-08-13","2012","08","13","†","27.5","","9.5","","18.5","","0.0","","0.5","","0.0","","0.0","","0.0","","0","","","","",""
"-116.98","51.30","GOLDEN A","1173210","2012-08-14","2012","08","14","†","22.5","","10.5","","16.5","","1.5","","0.0","","1.8","","0.0","","1.8","","0","","","","",""
"-116.98","51.30","GOLDEN A","1173210","2012-08-15","2012","08","15","†","24.0","","8.5","","16.3","","1.7","","0.0","","0.0","","0.0","","0.0","","0","","","","",""
"-116.98","51.30","GOLDEN A","1173210","2012-08-16","2012","08","16","†","27.0","","6.0","","16.5","","1.5","","0.0","","0.0","","0.0","","0.0","","0","","","","",""
"-116.98","51.30","GOLDEN A","1173210","2012-08-17","2012","08","17","†","30.0","","6.5","","18.3","","0.0","","0.3","","0.0","","0.0","","0.0","","0","","","","",""
"-116.98","51.30","GOLDEN A","1173210","2012-08-18","2012","08","18","†","31.0","","8.0","","19.5","","0.0","","1.5","","0.0","","0.0","","0.0","","0","","","","",""
"-116.98","51.30","GOLDEN A","1173210","2012-08-19","2012","08","19","†","27.5","","11.0","","19.3","","0.0","","1.3","","1.6","","0.0","","1.6","","0","","","","",""
"-116.98","51.30","GOLDEN A","1173210","2012-08-20","2012","08","20","†","30.0","","11.5","","20.8","","0.0","","2.8","","1.6","","0.0","","1.6","","0","","","","",""
"-116.98","51.30","GOLDEN A","1173210","2012-08-21","2012","08","21","†","23.0","","11.0","","17.0","","1.0","","0.0","","0.4","","0.0","","0.4","","0","","","","",""
"-116.98","51.30","GOLDEN A","1173210","2012-08-22","2012","08","22","†","25.0","","10.0","","17.5","","0.5","","0.0","","0.0","","0.0","","0.0","","0","","","","",""
"-116.98","51.30","GOLDEN A","1173210","2012-08-23","2012","08","23","†","23.5","","10.0","","16.8","","1.2","","0.0","","0.0","","0.0","","0.0","","0","","","","",""
"-116.98","51.30","GOLDEN A","1173210","2012-08-24","2012","08","24","†","20.0","","9.0","","14.5","","3.5","","0.0","","1.8","","0.0","","1.8","","0","","","","",""
"-116.98","51.30","GOLDEN A","1173210","2012-08-25","2012","08","25","†","21.5","","7.0","","14.3","","3.7","","0.0","","0.0","","0.0","","0.0","","0","","","","",""
"-116.98","51.30","GOLDEN A","1173210","2012-08-26","2012","08","26","†","26.0","","4.0","","15.0","","3.0","","0.0","","0.0","","0.0","","0.0","","0","","","","",""
"-116.98","51.30","GOLDEN A","1173210","2012-08-27","2012","08","27","†","28.5","","9.5","","19.0","","0.0","","1.0","","0.0","","0.0","","0.0","","0","","","","",""
"-116.98","51.30","GOLDEN A","1173210","2012-08-28","2012","08","28","†","24.0","","8.0","","16.0","","2.0","","0.0","","10.4","","0.0","","10.4","","0","","","","",""
"-116.98","51.30","GOLDEN A","1173210","2012-08-29","2012","08","29","†","20.0","","9.0","","14.5","","3.5","","0.0","","0.4","","0.0","","0.4","","0","","","","",""
"-116.98","51.30","GOLDEN A","1173210","2012-08-30","2012","08","30","†","19.0","","7.5","","13.3","","4.7","","0.0","","0.0","T","0.0","","0.0","T","0","","","","",""
"-116.98","51.30","GOLDEN A","1173210","2012-08-31","2012","08","31","†","21.5","","5.5","","13.5","","4.5","","0.0","","0.0","","0.0","","0.0","","0","","","","",""
"-116.98","51.30","GOLDEN A","1173210","2012-09-01","2012","09","01","†","16.0","","8.5","","12.3","","5.7","","0.0","","7.6","","0.0","","7.6","","0","","","","",""
"-116.98","51.30","GOLDEN A","1173210","2012-09-02","2012","09","02","†","19.0","","6.0","","12.5","","5.5","","0.0","","0.0","","0.0","","0.0","","0","","","","",""
"-116.98","51.30","GOLDEN A","1173210","2012-09-03","2012","09","03","†","20.0","","8.0","","14.0","","4.0","","0.0","","0.0","","0.0","","0.0","","0","","","","",""
"-116.98","51.30","GOLDEN A","1173210","2012-09-04","2012","09","04","†","21.0","","8.5","","14.8","","3.2","","0.0","","0.0","","0.0","","0.0","","0","","","","",""
"-116.98","51.30","GOLDEN A","1173210","2012-09-05","2012","09","05","†","14.0","","5.0","","9.5","","8.5","","0.0","","1.8","","0.0","","1.8","","0","","","","",""
"-116.98","51.30","GOLDEN A","1173210","2012-09-06","2012","09","06","†","19.0","","6.5","","12.8","","5.2","","0.0","","0.0","","0.0","","0.0","","0","","","","",""
"-116.98","51.30","GOLDEN A","1173210","2012-09-07","2012","09","07","","","","","","","","","","","","","","","","","","","","","","",""
"-116.98","51.30","GOLDEN A","1173210","2012-09-08","2012","09","08","†","25.5","","6.0","","15.8","","2.2","","0.0","","0.0","","0.0","","0.0","","0","","","","",""
"-116.98","51.30","GOLDEN A","1173210","2012-09-09","2012","09","09","†","17.5","","7.5","","12.5","","5.5","","0.0","","1.2","","0.0","","1.2","","0","","","","",""
"-116.98","51.30","GOLDEN A","1173210","2012-09-10","2012","09","10","†","14.0","","8.0","","11.0","","7.0","","0.0","","8.4","","0.0","","8.4","","0","","","","",""
"-116.98","51.30","GOLDEN A","1173210","2012-09-11","2012","09","11","†","15.0","","2.0","","8.5","","9.5","","0.0","","0.0","","0.0","","0.0","","0","","","","",""
"-116.98","51.30","GOLDEN A","1173210","2012-09-12","2012","09","12","†","18.5","","0.0","","9.3","","8.7","","0.0","","0.0","","0.0","","0.0","","0","","","","",""
"-116.98","51.30","GOLDEN A","1173210","2012-09-13","2012","09","13","†","21.0","","1.5","","11.3","","6.7","","0.0","","0.0","","0.0","","0.0","","0","","","","",""
"-116.98","51.30","GOLDEN A","1173210","2012-09-14","2012","09","14","†","23.0","","3.5","","13.3","","4.7","","0.0","","0.0","","0.0","","0.0","","0","","","","",""
"-116.98","51.30","GOLDEN A","1173210","2012-09-15","2012","09","15","†","22.0","","3.5","","12.8","","5.2","","0.0","","0.0","","0.0","","0.0","","0","","","","",""
"-116.98","51.30","GOLDEN A","1173210","2012-09-16","2012","09","16","†","22.0","","3.5","","12.8","","5.2","","0.0","","0.0","","0.0","","0.0","","0","","","","",""
"-116.98","51.30","GOLDEN A","1173210","2012-09-17","2012","09","17","†","24.5","","3.0","","13.8","","4.2","","0.0","","0.0","","0.0","","0.0","","0","","","","",""
"-116.98","51.30","GOLDEN A","1173210","2012-09-18","2012","09","18","†","23.0","","2.5","","12.8","","5.2","","0.0","","0.0","","0.0","","0.0","","0","","","","",""
"-116.98","51.30","GOLDEN A","1173210","2012-09-19","2012","09","19","†","25.5","","4.0","","14.8","","3.2","","0.0","","0.0","","0.0","","0.0","","0","","","","",""
"-116.98","51.30","GOLDEN A","1173210","2012-09-20","2012","09","20","†","24.0","","5.0","","14.5","","3.5","","0.0","","0.0","","0.0","","0.0","","0","","","","",""
"-116.98","51.30","GOLDEN A","1173210","2012-09-21","2012","09","21","†","24.5","","5.0","","14.8","","3.2","","0.0","","0.0","","0.0","","0.0","","0","","","","",""
"-116.98","51.30","GOLDEN A","1173210","2012-09-22","2012","09","22","†","22.5","","5.5","","14.0","","4.0","","0.0","","0.0","","0.0","","0.0","","0","","","","",""
"-116.98","51.30","GOLDEN A","1173210","2012-09-23","2012","09","23","†","23.5","","5.5","","14.5","","3.5","","0.0","","0.0","","0.0","","0.0","","0","","","","",""
"-116.98","51.30","GOLDEN A","1173210","2012-09-24","2012","09","24","†","24.5","","5.0","","14.8","","3.2","","0.0","","0.0","","0.0","","0.0","","0","","","","",""
"-116.98","51.30","GOLDEN A","1173210","2012-09-25","2012","09","25","†","15.5","","5.5","","10.5","","7.5","","0.0","","2.2","","0.0","","2.2","","0","","","","",""
"-116.98","51.30","GOLDEN A","1173210","2012-09-26","2012","09","26","†","18.0","","5.0","","11.5","","6.5","","0.0","","0.0","","0.0","","0.0","","0","","","","",""
"-116.98","51.30","GOLDEN A","1173210","2012-09-27","2012","09","27","†","19.5","","4.0","","11.8","","6.2","","0.0","","0.0","","0.0","","0.0","","0","","","","",""
"-116.98","51.30","GOLDEN A","1173210","2012-09-28","2012","09","28","†","22.0","","3.0","","12.5","","5.5","","0.0","","0.4","","0.0","","0.4","","0","","","","",""
"-116.98","51.30","GOLDEN A","1173210","2012-09-29","2012","09","29","†","21.5","","9.5","","15.5","","2.5","","0.0","","0.6","","0.0","","0.6","","","","","","",""
"-116.98","51.30","GOLDEN A","1173210","2012-09-30","2012","09","30","†","21.0","","6.0","","13.5","","4.5","","0.0","","0.0","","0.0","","0.0","","","","","","",""
"-116.98","51.30","GOLDEN A","1173210","2012-10-01","2012","10","01","†","21.0","","7.5","","14.3","","3.7","","0.0","","8.6","","0.0","","8.6","","","","","","",""
"-116.98","51.30","GOLDEN A","1173210","2012-10-02","2012","10","02","†","9.5","","4.5","","7.0","","11.0","","0.0","","0.0","","0.0","","0.0","","0","","","","",""
"-116.98","51.30","GOLDEN A","1173210","2012-10-03","2012","10","03","†","12.5","","-0.5","","6.0","","12.0","","0.0","","0.0","","0.0","","0.0","","0","","","","",""
"-116.98","51.30","GOLDEN A","1173210","2012-10-04","2012","10","04","","","","","","","","","","","","","","","","","","","","","","",""
"-116.98","51.30","GOLDEN A","1173210","2012-10-05","2012","10","05","†","11.5","","-5.0","","3.3","","14.7","","0.0","","0.0","","0.0","","0.0","","0","","","","",""
"-116.98","51.30","GOLDEN A","1173210","2012-10-06","2012","10","06","†","14.0","","-2.0","","6.0","","12.0","","0.0","","0.0","","0.0","","0.0","","0","","","","",""
"-116.98","51.30","GOLDEN A","1173210","2012-10-07","2012","10","07","†","13.0","","-1.5","","5.8","","12.2","","0.0","","3.6","","0.0","","3.6","","0","","","","",""
"-116.98","51.30","GOLDEN A","1173210","2012-10-08","2012","10","08","†","11.5","","5.0","","8.3","","9.7","","0.0","","0.0","T","0.0","","0.0","T","0","","","","",""
"-116.98","51.30","GOLDEN A","1173210","2012-10-09","2012","10","09","†","15.0","","3.5","","9.3","","8.7","","0.0","","0.0","","0.0","","0.0","","0","","","","",""
"-116.98","51.30","GOLDEN A","1173210","2012-10-10","2012","10","10","†","13.0","","1.0","","7.0","","11.0","","0.0","","0.0","","0.0","","0.0","","0","","","","",""
"-116.98","51.30","GOLDEN A","1173210","2012-10-11","2012","10","11","†","13.5","","0.0","","6.8","","11.2","","0.0","","0.0","","0.0","","0.0","","0","","","","",""
"-116.98","51.30","GOLDEN A","1173210","2012-10-12","2012","10","12","†","10.0","","-0.5","","4.8","","13.2","","0.0","","0.8","","0.0","","0.8","","0","","","","",""
"-116.98","51.30","GOLDEN A","1173210","2012-10-13","2012","10","13","†","12.5","","3.5","","8.0","","10.0","","0.0","","2.4","","0.0","","2.4","","0","","","","",""
"-116.98","51.30","GOLDEN A","1173210","2012-10-14","2012","10","14","†","13.0","","5.5","","9.3","","8.7","","0.0","","6.0","","0.0","","6.0","","0","","","","",""
"-116.98","51.30","GOLDEN A","1173210","2012-10-15","2012","10","15","†","16.5","","7.5","","12.0","","6.0","","0.0","","2.6","","0.0","","2.6","","0","","","","",""
"-116.98","51.30","GOLDEN A","1173210","2012-10-16","2012","10","16","†","13.0","","6.5","","9.8","","8.2","","0.0","","2.6","","0.0","","2.6","","0","","","","",""
"-116.98","51.30","GOLDEN A","1173210","2012-10-17","2012","10","17","†","10.0","","-2.0","","4.0","","14.0","","0.0","","0.0","","0.0","","0.0","","0","","","","",""
"-116.98","51.30","GOLDEN A","1173210","2012-10-18","2012","10","18","†","7.5","","-2.5","","2.5","","15.5","","0.0","","11.4","","0.0","","11.4","","0","","","","",""
"-116.98","51.30","GOLDEN A","1173210","2012-10-19","2012","10","19","†","10.0","","1.5","","5.8","","12.2","","0.0","","5.6","","0.0","","5.6","","0","","","","",""
"-116.98","51.30","GOLDEN A","1173210","2012-10-20","2012","10","20","†","5.5","","0.0","","2.8","","15.2","","0.0","","3.2","","0.4","","6.8","","0","","","","",""
"-116.98","51.30","GOLDEN A","1173210","2012-10-21","2012","10","21","†","4.0","","-2.0","","1.0","","17.0","","0.0","","0.0","","0.0","","0.0","","0","","","","",""
"-116.98","51.30","GOLDEN A","1173210","2012-10-22","2012","10","22","†","3.5","","-3.0","","0.3","","17.7","","0.0","","0.0","","0.0","T","0.0","T","0","","","","",""
"-116.98","51.30","GOLDEN A","1173210","2012-10-23","2012","10","23","†","2.5","","-1.5","","0.5","","17.5","","0.0","","0.0","","1.2","","0.4","","0","","","","",""
"-116.98","51.30","GOLDEN A","1173210","2012-10-24","2012","10","24","†","3.0","","-2.0","","0.5","","17.5","","0.0","","0.0","","0.0","T","0.0","T","0","","","","",""
"-116.98","51.30","GOLDEN A","1173210","2012-10-25","2012","10","25","†","6.0","","-3.0","","1.5","","16.5","","0.0","","0.0","","0.0","","0.0","","0","","","","",""
"-116.98","51.30","GOLDEN A","1173210","2012-10-26","2012","10","26","†","3.5","","-1.0","","1.3","","16.7","","0.0","","0.6","","2.8","","3.8","","0","","","","",""
"-116.98","51.30","GOLDEN A","1173210","2012-10-27","2012","10","27","†","4.0","","-1.0","","1.5","","16.5","","0.0","","1.0","","0.8","","2.8","","2","","","","",""
"-116.98","51.30","GOLDEN A","1173210","2012-10-28","2012","10","28","†","7.0","","-2.5","","2.3","","15.7","","0.0","","0.4","","0.0","","0.4","","0","","","","",""
"-116.98","51.30","GOLDEN A","1173210","2012-10-29","2012","10","29","†","7.0","","0.5","","3.8","","14.2","","0.0","","4.4","","0.0","","4.4","","0","","","","",""
"-116.98","51.30","GOLDEN A","1173210","2012-10-30","2012","10","30","†","9.0","","4.5","","6.8","","11.2","","0.0","","6.2","","0.0","","6.2","","0","","","","",""
"-116.98","51.30","GOLDEN A","1173210","2012-10-31","2012","10","31","†","5.0","","3.0","","4.0","","14.0","","0.0","","13.6","","0.0","","13.6","","0","","","","",""
"-116.98","51.30","GOLDEN A","1173210","2012-11-01","2012","11","01","†","7.5","","4.0","","5.8","","12.2","","0.0","","1.0","","0.0","","1.0","","0","","","","",""
"-116.98","51.30","GOLDEN A","1173210","2012-11-02","2012","11","02","†","7.5","","4.5","","6.0","","12.0","","0.0","","0.4","","0.0","","0.4","","0","","","","",""
"-116.98","51.30","GOLDEN A","1173210","2012-11-03","2012","11","03","†","7.5","","4.0","","5.8","","12.2","","0.0","","2.4","","0.0","","2.4","","0","","","","",""
"-116.98","51.30","GOLDEN A","1173210","2012-11-04","2012","11","04","†","9.0","","4.0","","6.5","","11.5","","0.0","","2.8","","0.0","","2.8","","0","","","","",""
"-116.98","51.30","GOLDEN A","1173210","2012-11-05","2012","11","05","†","13.0","","4.5","","8.8","","9.2","","0.0","","0.4","","0.0","","0.4","","0","","","","",""
"-116.98","51.30","GOLDEN A","1173210","2012-11-06","2012","11","06","†","2.0","","-0.5","","0.8","","17.2","","0.0","","10.6","","0.2","","21.4","","0","","","","",""
"-116.98","51.30","GOLDEN A","1173210","2012-11-07","2012","11","07","†","4.5","","0.5","","2.5","","15.5","","0.0","","5.4","","0.8","","11.6","","0","","","","",""
"-116.98","51.30","GOLDEN A","1173210","2012-11-08","2012","11","08","†","2.0","","-0.5","","0.8","","17.2","","0.0","","0.0","","1.0","","0.6","","1","","","","",""
"-116.98","51.30","GOLDEN A","1173210","2012-11-09","2012","11","09","†","-1.0","","-4.0","","-2.5","","20.5","","0.0","","0.0","","0.0","","0.0","","0","T","","","",""
"-116.98","51.30","GOLDEN A","1173210","2012-11-10","2012","11","10","†","-4.0","","-8.0","","-6.0","","24.0","","0.0","","0.0","","0.0","","0.0","","0","T","","","",""
"-116.98","51.30","GOLDEN A","1173210","2012-11-11","2012","11","11","†","-2.0","","-11.0","","-6.5","","24.5","","0.0","","0.0","","0.0","T","0.0","T","0","","","","",""
"-116.98","51.30","GOLDEN A","1173210","2012-11-12","2012","11","12","†","-1.5","","-9.0","","-5.3","","23.3","","0.0","","0.0","","0.6","","0.4","","0","T","","","",""
"-116.98","51.30","GOLDEN A","1173210","2012-11-13","2012","11","13","†","2.0","","-4.0","","-1.0","","19.0","","0.0","","0.0","","0.8","","0.6","","0","T","","","",""
"-116.98","51.30","GOLDEN A","1173210","2012-11-14","2012","11","14","†","3.0","","-4.0","","-0.5","","18.5","","0.0","","0.0","","0.6","","0.4","","0","T","","","",""
"-116.98","51.30","GOLDEN A","1173210","2012-11-15","2012","11","15","†","2.5","","-4.0","","-0.8","","18.8","","0.0","","0.0","","0.0","","0.0","","0","T","","","",""
"-116.98","51.30","GOLDEN A","1173210","2012-11-16","2012","11","16","†","2.0","","-5.0","","-1.5","","19.5","","0.0","","0.0","","0.2","","0.0","T","0","T","","","",""
"-116.98","51.30","GOLDEN A","1173210","2012-11-17","2012","11","17","†","1.5","","-5.5","","-2.0","","20.0","","0.0","","1.0","","1.2","","2.8","","0","T","","","",""
"-116.98","51.30","GOLDEN A","1173210","2012-11-18","2012","11","18","†","5.0","","-1.0","","2.0","","16.0","","0.0","","0.4","","0.0","","0.4","","0","","","","",""
"-116.98","51.30","GOLDEN A","1173210","2012-11-19","2012","11","19","†","5.0","","1.0","","3.0","","15.0","","0.0","","11.6","","0.0","","11.6","","0","","","","",""
"-116.98","51.30","GOLDEN A","1173210","2012-11-20","2012","11","20","†","4.5","","1.0","","2.8","","15.2","","0.0","","9.8","","0.0","","9.8","","0","","","","",""
"-116.98","51.30","GOLDEN A","1173210","2012-11-21","2012","11","21","†","3.0","","0.5","","1.8","","16.2","","0.0","","0.8","","0.0","","0.8","","0","","","","",""
"-116.98","51.30","GOLDEN A","1173210","2012-11-22","2012","11","22","†","3.0","","-1.5","","0.8","","17.2","","0.0","","0.0","","0.8","","0.4","","0","","","","",""
"-116.98","51.30","GOLDEN A","1173210","2012-11-23","2012","11","23","†","2.0","","-1.0","","0.5","","17.5","","0.0","","0.0","","2.2","","1.0","","1","","","","",""
"-116.98","51.30","GOLDEN A","1173210","2012-11-24","2012","11","24","†","3.0","","0.0","","1.5","","16.5","","0.0","","0.0","","1.2","","0.4","","1","","","","",""
"-116.98","51.30","GOLDEN A","1173210","2012-11-25","2012","11","25","†","3.5","","-3.0","","0.3","","17.7","","0.0","","0.0","","0.0","","0.0","","0","","","","",""
"-116.98","51.30","GOLDEN A","1173210","2012-11-26","2012","11","26","†","0.5","","-2.5","","-1.0","","19.0","","0.0","","0.0","","0.0","","0.0","","0","","","","",""
"-116.98","51.30","GOLDEN A","1173210","2012-11-27","2012","11","27","†","-1.0","","-7.0","","-4.0","","22.0","","0.0","","0.0","","0.0","","0.0","","0","","","","",""
"-116.98","51.30","GOLDEN A","1173210","2012-11-28","2012","11","28","†","-0.5","","-4.0","","-2.3","","20.3","","0.0","","0.0","","2.8","","2.4","","0","","","","",""
"-116.98","51.30","GOLDEN A","1173210","2012-11-29","2012","11","29","†","0.5","","-3.0","","-1.3","","19.3","","0.0","","0.0","","4.4","","3.4","","3","","","","",""
"-116.98","51.30","GOLDEN A","1173210","2012-11-30","2012","11","30","†","4.0","","-1.5","","1.3","","16.7","","0.0","","6.4","","0.2","","12.8","","5","","","","",""
"-116.98","51.30","GOLDEN A","1173210","2012-12-01","2012","12","01","†","6.0","","0.0","","3.0","","15.0","","0.0","","2.8","","0.0","","2.8","","0","T","","","",""
"-116.98","51.30","GOLDEN A","1173210","2012-12-02","2012","12","02","†","2.0","","-0.5","","0.8","","17.2","","0.0","","2.8","","0.8","","6.4","","0","","","","",""
"-116.98","51.30","GOLDEN A","1173210","2012-12-03","2012","12","03","†","2.5","","-1.0","","0.8","","17.2","","0.0","","1.0","","1.0","","2.6","","0","","","","",""
"-116.98","51.30","GOLDEN A","1173210","2012-12-04","2012","12","04","†","5.0","","-0.5","","2.3","","15.7","","0.0","","3.8","","0.4","","7.8","","0","T","","","",""
"-116.98","51.30","GOLDEN A","1173210","2012-12-05","2012","12","05","†","2.0","","-1.0","","0.5","","17.5","","0.0","","0.0","","0.0","T","0.0","T","0","T","","","",""
"-116.98","51.30","GOLDEN A","1173210","2012-12-06","2012","12","06","†","1.0","","-4.5","","-1.8","","19.8","","0.0","","0.0","","2.2","","2.0","","0","T","","","",""
"-116.98","51.30","GOLDEN A","1173210","2012-12-07","2012","12","07","†","-1.5","","-8.0","","-4.8","","22.8","","0.0","","0.0","","1.2","","0.8","","2","","","","",""
"-116.98","51.30","GOLDEN A","1173210","2012-12-08","2012","12","08","†","-3.5","","-8.0","","-5.8","","23.8","","0.0","","0.0","","1.0","","0.6","","2","","","","",""
"-116.98","51.30","GOLDEN A","1173210","2012-12-09","2012","12","09","†","-6.0","","-9.0","","-7.5","","25.5","","0.0","","0.0","","4.4","","1.8","","3","","","","",""
"-116.98","51.30","GOLDEN A","1173210","2012-12-10","2012","12","10","†","-4.0","","-12.5","","-8.3","","26.3","","0.0","","0.0","","1.0","","0.6","","7","","","","",""
"-116.98","51.30","GOLDEN A","1173210","2012-12-11","2012","12","11","†","-1.0","","-7.0","","-4.0","","22.0","","0.0","","0.0","","2.0","","1.4","","7","","","","",""
"-116.98","51.30","GOLDEN A","1173210","2012-12-12","2012","12","12","†","-1.0","","-5.0","","-3.0","","21.0","","0.0","","0.0","","0.0","T","0.0","T","9","","","","",""
"-116.98","51.30","GOLDEN A","1173210","2012-12-13","2012","12","13","†","-1.5","","-8.0","","-4.8","","22.8","","0.0","","0.0","","0.4","","0.0","T","9","","","","",""
"-116.98","51.30","GOLDEN A","1173210","2012-12-14","2012","12","14","†","-2.0","","-8.5","","-5.3","","23.3","","0.0","","0.0","","0.0","T","0.0","T","9","","","","",""
"-116.98","51.30","GOLDEN A","1173210","2012-12-15","2012","12","15","","","","","","","","","","","","","","","","","","","","","","",""
"-116.98","51.30","GOLDEN A","1173210","2012-12-16","2012","12","16","†","-3.0","","-11.0","","-7.0","","25.0","","0.0","","0.0","","3.0","","2.2","","9","","","","",""
"-116.98","51.30","GOLDEN A","1173210","2012-12-17","2012","12","17","†","-2.5","","-8.0","","-5.3","","23.3","","0.0","","0.0","","3.4","","1.6","","11","","","","",""
"-116.98","51.30","GOLDEN A","1173210","2012-12-18","2012","12","18","†","-5.5","","-8.0","","-6.8","","24.8","","0.0","","0.0","","0.0","T","0.0","T","14","","","","",""
"-116.98","51.30","GOLDEN A","1173210","2012-12-19","2012","12","19","†","-3.0","","-14.0","","-8.5","","26.5","","0.0","","0.0","","7.4","","4.2","","13","","","","",""
"-116.98","51.30","GOLDEN A","1173210","2012-12-20","2012","12","20","†","0.0","","-6.5","","-3.3","","21.3","","0.0","","0.0","","8.8","","7.6","","20","","","","",""
"-116.98","51.30","GOLDEN A","1173210","2012-12-21","2012","12","21","†","0.0","","-5.5","","-2.8","","20.8","","0.0","","0.0","","1.8","","2.2","","24","","","","",""
"-116.98","51.30","GOLDEN A","1173210","2012-12-22","2012","12","22","†","-6.5","","-8.5","","-7.5","","25.5","","0.0","","0.0","","7.8","","4.2","","24","","","","",""
"-116.98","51.30","GOLDEN A","1173210","2012-12-23","2012","12","23","","","","","","","","","","","","","","","","","","","","","","",""
"-116.98","51.30","GOLDEN A","1173210","2012-12-24","2012","12","24","","","","","","","","","","","","","","","","","","","","","","",""
"-116.98","51.30","GOLDEN A","1173210","2012-12-25","2012","12","25","†","-7.5","","-12.5","","-10.0","","28.0","","0.0","","0.0","","1.2","","0.4","","23","","","","",""
"-116.98","51.30","GOLDEN A","1173210","2012-12-26","2012","12","26","†","-6.0","","-13.5","","-9.8","","27.8","","0.0","","0.0","","0.0","T","0.0","T","0","","","","",""
"-116.98","51.30","GOLDEN A","1173210","2012-12-27","2012","12","27","†","-8.0","","-13.5","","-10.8","","28.8","","0.0","","0.0","","0.0","T","0.0","T","23","","","","",""
"-116.98","51.30","GOLDEN A","1173210","2012-12-28","2012","12","28","†","-9.0","","-16.0","","-12.5","","30.5","","0.0","","0.0","","0.2","","0.0","T","23","","","","",""
"-116.98","51.30","GOLDEN A","1173210","2012-12-29","2012","12","29","†","-6.0","","-15.0","","-10.5","","28.5","","0.0","","0.0","","0.2","","0.0","T","22","","","","",""
"-116.98","51.30","GOLDEN A","1173210","2012-12-30","2012","12","30","†","-9.5","","-19.0","","-14.3","","32.3","","0.0","","0.0","","0.0","T","0.0","T","22","","","","",""
"-116.98","51.30","GOLDEN A","1173210","2012-12-31","2012","12","31","†","-7.0","","-14.0","","-10.5","","28.5","","0.0","","0.0","","0.0","","0.0","","22","","","","",""
